:020000040800F2
:1000000020300020050100089D1600087915000821
:10001000991600088F0F0008BB4C00080000000074
:100020000000000000000000000000009D27000804
:100030005911000800000000B92200088745000897
:100040001F0100081F0100081F0100081F01000810
:100050001F0100081F0100085D1100081F010008B2
:10006000D9110008991200081F0100081F0100089B
:100070001F0100081F0100081F0100081F010008E0
:100080001F0100081F0100081F0100081F010008D0
:100090001F0100081F0100081F0100081F010008C0
:1000A0001F0100081F0100081F0100081F010008B0
:1000B000E94500081F0100081F0100081F01000892
:1000C0001F0100081F0100081F0100081F01000890
:1000D0001F01000835480008BD480008CD49000848
:1000E0001F0100081F0100081F010008DFF810D0E1
:1000F00000F0C0FC0048004709690008AFF3008029
:10010000203000200648804706480047FEE7FEE70B
:10011000FEE7FEE7FEE7FEE7FEE7FEE7FEE7FEE7B7
:1001200089450008ED00000840EA01039B0703D061
:1001300009E008C9121F08C0042AFAD203E011F826
:10014000013B00F8013B521EF9D27047D2B201E0E8
:1001500000F8012B491EFBD270470022F6E710B5CC
:1001600013460A4604461946FFF7F0FF204610BD25
:10017000421E12F8013F002BFBD111F8013B02F89F
:10018000013B002BF9D1704730B505462A460B4696
:1001900012F8010B13F8014B08B1A042F8D01CB1C2
:1001A000002802D06D1CF1E7284630BD10B504468A
:1001B00004E00B7800F8013B03B1491C521EF8D251
:1001C000204610BD421C10F8011B0029FBD1801AEB
:1001D000704710B5002200E0521C835C8C5CA34287
:1001E00001D1002BF8D1D8B2E1B2401A10BD0346BC
:1001F00011F8012B00F8012B002AF9D1184670479D
:100200000FB400B58DB010A909900B9000914FF07C
:10021000FF300A9000200C90054806900548079092
:100220006A4609A80F9900F0D9FA0DB05DF814FBE1
:10023000F9070008170800082DE9FF5F1D464FF079
:10024000FF3BD5E9014691465F464FF00008A9699A
:100250007F1C01988847296A824688470028F6D182
:10026000BAF1FF3F0CD024F4C064002E19DD600603
:1002700014D5BAF12B0F09D0BAF12D0F0ED103E02E
:10028000584604B0BDE8F09F44F48064A9697F1C1F
:1002900001988847761E8246002E02DDBAF1300FA3
:1002A00003D0B9F1000F26D032E0A969761E44F4DC
:1002B00000747F1C019888478246002E05DDBAF144
:1002C000780F06D0BAF1580F03D0B9F1000F10D053
:1002D0001EE0B9F1000F02D0B9F1100F18D1A969D1
:1002E000761E24F400747F1C0198884782461020F3
:1002F00002E0082000E00A20814609E008FB090826
:10030000A969761E44F400747F1C019888478246D0
:10031000002E05DD4946504600F04CFA0028EDDA83
:10032000E96901988847A00502D46FF00100A8E7A9
:10033000E00725D1600613D5600502D5C8F100009D
:1003400000E0404629680A1D2A600968220501D597
:10035000087015E0220701D5088011E008600FE061
:100360002868011D29600068210502D580F80080F9
:1003700006E0210702D5A0F8008001E0C0F8008067
:1003800038467EE730B480EA010202F0004530F0E2
:10039000004221F0004013D090B1C30DD40DC2F340
:1003A0001601C0F31600E41A41F4000140F4000203
:1003B0007D34914201D3641C00E04900002C02DA34
:1003C00030BC002070474FF400000023914201D35D
:1003D000891A034340084FEA4101F7D151B19142D4
:1003E00002D14FF0004105E002D24FF0010101E0DF
:1003F0006FF0010103EBC450284430BC00F01CBA7C
:100400002DE9FE4F804681EA0300C00F0C460090A4
:1004100021F0004123F00045B8EB0200A94105D2CC
:100420004046214690461C460B46024623F00040BB
:10043000104347D0270DC7F30A00C3F30A510290B7
:10044000401A019040286BDAC3F3130040F4801B7C
:100450000098924620B10023D2EB030A63EB0B0B0A
:1004600001985946C0F14002504600F082F9064614
:100470000D4650465946019A00F08AF910EB0800E3
:100480006141002487EA115284EAE7731A4340D09D
:10049000009A62B3019A012A4FEA075215DC001B49
:1004A00061EB02014FF0004202EA0752CDE900423F
:1004B000001C41F5801132462B4600F003FA03B0D0
:1004C000BDE8F08F40462146F9E7001B61EB0201D1
:1004D000001C41F5801300185B412018A2F500179D
:1004E00047EB030140EAD570B6196D4111E06D0884
:1004F0004FEA360645EAC0754FEA0752001B61EB2A
:100500000201001C41F5801149084FEA3000001932
:10051000514132462B4603B0BDE8F04F00F0C3B95D
:100520000098012240000023D0EB020263EBE0734D
:10053000009821464FEAE074B8EB000061EB04013B
:10054000E9E783F000435BE781F0004158E72DE9DC
:10055000F04D81EA030404F0004B21F000451446FD
:100560004FF0000A23F0004150EA050220D054EA7F
:1005700001021DD0C5F30A570246C5F31303C1F3A8
:100580001300C1F30A5640F4801543F48013A7EB1F
:100590000608101BD64608F2FD3873EB050002D39F
:1005A00008F1010801E092185B41B8F1000F03DA8D
:1005B00000200146BDE8F08D00204FF48011064672
:1005C00084460EE0171B73EB050705D3121B63EB84
:1005D000050306434CEA010C49084FEA3000921823
:1005E0005B4150EA0107EDD152EA030012D082EAE2
:1005F000040083EA0501084305D0101BAB4106D275
:100600000122002306E000224FF0004302E06FF0D9
:10061000010253101AEB06004CEB085110EB0A00D4
:1006200041EB0B01BDE8F04D00F03DB9C10F80EA90
:10063000E0700844CA079623002100F006B996230B
:100640000022114600F001B900F0004230F00040F5
:100650000AD0C10D01F56071C0F3160042EA0151E4
:10066000C208400711437047002001467047000050
:1006700030B5041E71F1000404DB4FF00044404229
:1006800064EB0101141E73F1000405DB1C464FF0FE
:100690000043524263EB04038B4208BF824230BDE9
:1006A00030B5041E71F1000404DB4FF000444042F9
:1006B00064EB0101141E73F1000405DB1C464FF0CE
:1006C0000043524263EB0403994208BF904230BD9D
:1006D000002801DBC0F10040002901DBC1F100412D
:1006E0008842704730B50B46014600202022012485
:1006F00009E021FA02F59D4205D303FA02F5491BF0
:1007000004FA02F52844151EA2F10102F1DC30BD05
:100710002DE9F05F0546002092469B468846064636
:10072000814640241BE0284641464746224600F0C9
:10073000B3F953465A46C01A914110D31146184690
:10074000224600F016F82D1A67EB01084F462246A4
:100750000120002100F00DF817EB00094E41201E8A
:10076000A4F10104DFDC484631462A464346BDE891
:10077000F09F202A04DB203A00FA02F100207047A3
:100780009140C2F1200320FA03F3194390407047CF
:10079000202A06DBCB17203A41FA02F043EAE07345
:1007A00006E041FA02F3D040C2F120029140084332
:1007B000194670473A2800D2303820F02002412AEA
:1007C00001D3A2F13700884201D34FF0FF307047C8
:1007D000026811441378016018467047D1600449DB
:1007E00051610449116200211161114600F072B992
:1007F000D1070008C10A0008426842B1016811F837
:10080000013B23B1521EC0E9001218467047012176
:10081000C160881E704742685AB1C368016843B915
:1008200083688B4205D0491E521CC0E9001200208B
:1008300070474FF0FF3070470029A8BF7047401C39
:10084000490008BF20F00100704710B4B0FA80FCE6
:1008500000FA0CF050EA010404BF10BC704749B123
:10086000CCF1200421FA04F411FA0CF118BF012193
:1008700021430843A3EB0C01CB1D4FEA00614FEA73
:10088000102042BF002010BC704700EBC350104442
:100890000029A4BF10BC7047401C490008BF20F0CD
:1008A000010010BC704710B5141E73F1000408DA83
:1008B000401C41F1000192185B411A4301D120F024
:1008C000010010BD2DE9F04D92469B4611B1B1FAE1
:1008D00081F202E0B0FA80F220329046FFF749FF41
:1008E00004460F4640EA0A0041EA0B0153465A46C5
:1008F000084313D0114653EA010019D0C8F1400251
:10090000504600F0C9F805460E4650465946424644
:10091000FFF72FFF084305D0012004E020463946A9
:10092000BDE8F08D0020054346EAE0762C433743CE
:100930000A986305E40AA0EB08000022FD0A44EAD5
:1009400047540A3002D500200146E9E70105101995
:100950006941DDE9084500196941BDE8F04DA2E7AC
:100960002DE9FE4F81EA030404F0004421F0004128
:1009700000944FF0000B23F0004350EA01045ED0D6
:1009800052EA03045BD0C3F30A54C1F30A552C4462
:10099000A4F2F3340194A0FB0254C1F3130141F417
:1009A0008011C3F3130343F4801301FB024400FBE3
:1009B000034E840A970A44EA815447EA8357A4FB0A
:1009C000076802958D0A05FB07854FEA932C04FB07
:1009D0000C542705029D4FEA065847EA1637B5EB37
:1009E00008056EEB070C870E920E47EA811742EA64
:1009F0008312A7FB0201B6EB0B0164EB00042B0D85
:100A000043EA0C335E1844EB1C50DA465146E7FBD0
:100A10000201C5F313044FEA0B3343EA14534FEAC0
:100A20000432019C43EA0603A4F10C040294009CE6
:100A3000CDE900B4FFF746FF03B0BDE8F08F00201A
:100A40000146F9E7C1F30A52C1F3130140F2FF3343
:100A500041F480119A4202DA00200146704740F2C8
:100A600033439A42A2F2334202DC524200F014B8FD
:100A7000FFF77FBE064C074D06E0E06840F001033B
:100A800094E8070098471034AC42F6D3FFF732FBE6
:100A90005892000878920008202A04DB203A21FAB4
:100AA00002F00021704721FA02F3D040C2F1200287
:100AB000914008431946704700487047A87B0008DA
:100AC00010B50446FFF7F8FF0068005D00F0010074
:100AD00010BD00002DE9F34F8BB04FF0000801F17D
:100AE0000C000C464FF0010B46460DF1080A019030
:100AF0006269012101989047051E2DD0252D2CD02B
:100B0000216A8847C0B16269012101989047216A32
:100B100088470028F7D1411E62690198904700E09C
:100B2000761CA1690B988847216A88470028F7D16D
:100B3000E1690B988847DBE7A1690B98884707466E
:100B4000A84201D1761CD3E7E1690B9888477F1C46
:100B500002D1B8F1000F6FD047E1002762693D462E
:100B60003946019890472A2804D1626901210198E9
:100B700090470125DFF8889262690121019890472A
:100B8000A0F130010A290AD24F45E5DC07EB8701C5
:100B900000EB4107303FDFD445F01005ECE7E906F4
:100BA00001D46FF000476C280AD04C2814D0682874
:100BB00015D06A280DD074281CD07A281AD01DE0D0
:100BC00062690121019890476C2802D045F0040524
:100BD00014E045F002050DE045F020050AE06269E9
:100BE000012101989047682802D045F0080505E0EA
:100BF00045F400656269012101989047C4E90157F5
:100C000065283DD019DC58287AD00CDC452837D02F
:100C100004DC252826D0412831D131E046282FD0C8
:100C200047282CD12CE05B2877D0612828D0632876
:100C30007CD0642823D15AE0D1E06F2848D008DC6A
:100C400066281DD067281BD0692821D06E2816D1B0
:100C500027E0702845D0732868D0752847D07828B9
:100C60000DD14DE0A1690B988847054625283FF432
:100C700069AFE1690B9888476D1C3FF46AAFB4E037
:100C800023466A466FF001000B99AFF300809FE0A6
:100C900045F040006060A80723464FF0000236D4BC
:100CA0003EE0E8077FF447AF2068011D216000683F
:100CB000290501D506701BE7290701D5068017E72E
:100CC000A90703D5F117C0E9006111E706600FE736
:100CD00045F040006060A80723464FF0080216D494
:100CE0001EE040F60E0125EA0100606016E045F0C6
:100CF00040006060A80723464FF00A0207D40FE0C7
:100D000045F040006060A80708D5234610226FF028
:100D100001000B99AFF300805AE007E02346102250
:100D20006FF001000B99FFF787FA51E04FF00009CF
:100D30004F464B46632802D05B2807D041E020791C
:100D4000C00601D40120A06001273AE062690121B8
:100D5000019890475E2805D14FF001096269494624
:100D600001989047216939B900210A46534643F852
:100D70002120491C0829FADBB0B3216969B9C117E0
:100D800000EBD16253110AEB830122F01F02821A99
:100D900001200B68904003430B60626901210198B8
:100DA00090475D28E8D1B9F1000F09D000205146E5
:100DB00051F82020D24341F82020401C0828F7DBBE
:100DC00002AB224600976FF001000B99AFF3008051
:100DD00000280CDA401C08D1BBF1000F05D04FF001
:100DE000FF300DB0BDE8F08FFFE74046F9E7E907B7
:100DF00001D108F1010806444FF0000B78E600002D
:100E0000CCCCCC0C21B1826842F00102826003E0BC
:100E1000826822F0010282607047014600208A68E1
:100E200002F004020AB1012000E0002070470146F0
:100E3000C86C80B270470246002013680B400BB1AB
:100E4000012000E000207047014600208A6802F07F
:100E500008020AB1012000E00020704730B50246C8
:100E60000020002350680F4C20400D790C6844EAA4
:100E700005242043506090680B4C2040D1E9025477
:100E80002C434D7944EA450420439060D06A20F415
:100E900070000C7C641EE4B2234340EA0350D0622D
:100EA00030BD0000FFFEF0FFFDF7F1FFF0B5044696
:100EB0000D4600200021092D11DDE068A5F10A068C
:100EC00006EB4607072606FA07F18843A5F10A064E
:100ED00006EB460603FA06F10843E0600CE02069E1
:100EE00005EB4507072606FA07F1884305EB45069B
:100EF00003FA06F108432061072A0FDA606B561ED9
:100F000006EB86071F2606FA07F18843561E06EBF6
:100F1000860605FA06F10843606322E00D2A0FDA1F
:100F2000206BD61F06EB86071F2606FA07F18843BB
:100F3000D61F06EB860605FA06F10843206310E08B
:100F4000E06AA2F10D0606EB86071F2606FA07F1F6
:100F50008843A2F10D0606EB860605FA06F1084362
:100F6000E062F0BD816841F008018160704721B105
:100F7000826842F4A002826003E0826822F4A00248
:100F800082607047816841F004018160704700BF52
:100F9000FEE700000146044800684FF47A72B0FB97
:100FA000F2F0B1FBF0F0704700000020014800783B
:100FB000704700003B000020014880787047000027
:100FC0003B00002008B50121042001F0DBFA1020CD
:100FD000ADF800008DF8030003208DF8020069468B
:100FE000034800F0D3F91021014800F0B7FA08BD1A
:100FF0000008014070B500F085F81021344800F079
:10100000ABFA142005F08CFA1021314800F0A6FA52
:101010001E2005F0AFFA00F067F8282005F0AAFAC4
:1010200000F05AF800284BD100BF00F055F8002816
:10103000FBD000BF00F050F80128FBD0002424E0D2
:1010400000251EE000BF00F047F80028FBD01E205E
:1010500005F090FA1F48005D4006000E1D49085536
:1010600000F03AF8012805D11A48005D40F001006F
:101070001849085500BF00F02FF80128FBD0681C64
:10108000C5B2082DDEDB601CC4B2052CD8DB00F035
:1010900039F810210E4800F061FA0E4800780D4929
:1010A000497808440B49897808440A49C9780844B2
:1010B00008490979884201D1002070BD0120FCE770
:1010C00000F020F81021024800F048FA0120F4E76F
:1010D000000801403B00002010B51021014800F03D
:1010E00029FA10BD0008014008B51020ADF8000035
:1010F00048208DF803006946014800F047F908BD13
:101100000008014008B51020ADF800008DF803007C
:1011100003208DF802006946014800F037F908BD48
:10112000000801400148406870470000001000E0DE
:101130000748006840F080700549086000200549B4
:1011400048600846006840F00100086070470000F1
:10115000FCED00E0001000E07047000010B5012039
:1011600000F000F980B10A2005F0DAF90121074802
:1011700000F0E0F928B906A003F0A2FD0EA003F0EC
:101180009FFD012000F0E8F810BD000000080140BC
:101190005B546F756368204B65795D20E4B8ADE6FC
:1011A00096ADEFBC9A41E994AEE8A2ABE68C89E437
:1011B000B88B0D0A000000005B53797374656D5D98
:1011C00020E8A7A6E691B8E68C89E994AE41E68CC2
:1011D00089E4B88B0D0A000010B5042000F0C2F8B5
:1011E000002828D00A2005F09BF90421124800F0BD
:1011F000A1F900281CD111A003F062FD012001F02B
:1012000047FA184803F05CFD17A20121084601F0D7
:101210001FF818A20121022001F01AF817A20121DB
:10122000032001F015F819A20121042001F010F8A3
:10123000042000F091F810BD000801405B546F7568
:101240006368204B65795D20E4B8ADE696ADEFBCF0
:101250009A43E994AEE8A2ABE68C89E4B88B0D0A18
:1012600000000000AC7B0008202052656C617920F2
:101270003200000020204F4E000000002020576167
:101280007465722050756D70000000002020506F52
:10129000776572656400000010B5082000F062F800
:1012A000002828D00A2005F03BF90821124800F058
:1012B00041F900281CD111A003F002FD002001F02B
:1012C000E7F9184803F0FCFC17A20121084600F0DA
:1012D000BFFF18A20121022000F0BAFF17A20121CE
:1012E000032000F0B5FF19A20121042000F0B0FF97
:1012F000082000F031F810BD000801405B546F7504
:101300006368204B65795D20E4B8ADE696ADEFBC2F
:101310009A44E994AEE8A2ABE68C89E4B88B0D0A56
:1013200000000000F07B0008202052656C617920ED
:101330003200000020204F46460000002020576168
:101340007465722050756D70000000002020537489
:101350006F7070656400000001490860704700000C
:1013600014040140014600200022074B1B6803EAD9
:101370000102054B14331B680B4013B10AB1012065
:1013800000E0002070470000000401402DE9F0411A
:10139000024600250026002000230024002791F8A3
:1013A00003C00CF00F0591F803C00CF0100CBCF159
:1013B000000F03D091F802C04CEA050591F800C077
:1013C000BCF1000F31D0146800202BE04FF0010C6D
:1013D0000CFA00F3B1F800C00CEA03069E4220D1DB
:1013E00083004FF00F0C0CFA03F7BC4305FA03FC23
:1013F0004CEA040491F803C0BCF1280F06D14FF069
:10140000010C0CFA00FCC2F814C00AE091F803C009
:10141000BCF1480F05D14FF0010C0CFA00FCC2F8EA
:1014200010C0401C0828D1D31460B1F800C0BCF132
:10143000FF0F34DD546800202EE000F1080C4FF05F
:10144000010808FA0CF3B1F800C00CEA03069E424A
:1014500021D183004FF00F0C0CFA03F7BC4305FABF
:1014600003FC4CEA040491F803C0BCF1280F05D139
:1014700000F1080C08FA0CF8C2F8148091F803C0C7
:10148000BCF1480F07D100F1080C4FF0010808FA31
:101490000CF8C2F81080401C0828CED35460BDE878
:1014A000F0810000F0B50A46002300240021002549
:1014B00000F00046B6F1004F02D11D4EF16901E087
:1014C0001B4E7168C0F3034583B200F44016B6F5B5
:1014D000401F08D121F07061154E766826F07066C5
:1014E000134F7E6012E000F48016B6F5801F06D11F
:1014F000032606FA05F4A14341F0706106E0460DAB
:10150000360103FA06F6B14341F0706122B1460D8F
:10151000360103FA06F6314300F00046B6F1004FFB
:1015200002D1034EF16101E0014E7160F0BD000097
:10153000000001400246002093680B400BB10120DF
:1015400000E00020704702460020D3680B400BB13A
:10155000012000E000207047416170470161704741
:101560000AB1016100E04161704700000148006874
:10157000704700007000002000BFFEE708B50121A1
:10158000082000F0FFFF4FF48050ADF8000010205D
:101590008DF8030003208DF8020069460848FFF724
:1015A000F5FE4FF40050ADF8000069460448FFF71F
:1015B000EDFE4FF440510248FFF7D0FF08BD000098
:1015C000000C014070B500F04FF8044640F6FF7083
:1015D000001B42F21071484340F6FF71B0FBF1F07E
:1015E00085B2284670BD000000B587B001214FF4D8
:1015F000017000F0C7FF2020ADF8180000208DF822
:101600001B0006A91648FFF7C1FE002001908DF8C7
:1016100008008DF809004FF460200390002004902A
:1016200001208DF8140001A90E48FFF717FC0121D5
:101630000C48FFF7E7FB0B48FFF794FC00BF094895
:10164000FFF702FC0028FAD10648FFF79BFC00BF19
:101650000448FFF7E2FB0028FAD107B000BD000004
:10166000000801400024014010B50523012219465D
:101670000848FFF71BFC01210648FFF778FC00BF74
:1016800002210448FFF7D7FB0028F9D00148FFF7F3
:10169000CEFB10BD0024014000BFFEE770470000F4
:1016A00070B5002100230F22C47804B3154C2468C0
:1016B00004F4E064C4F5E064210AC1F10403CA4003
:1016C000447804FA03F184781440214309010E4C54
:1016D0000678A155047804F01F050124AC40057874
:1016E0006D11AD0005F1E025C5F8004109E0047871
:1016F00004F01F050124AC40044D0678761145F82E
:10170000264070BD0CED00E000E400E080E100E068
:1017100070B504460D46204600F0D4F808B1032009
:1017200070BDB4F8000600EB400004EB001130225D
:101730002846FEF7F9FCB4F80016481CC11700EB68
:10174000D1614911A0EB4111A4F80016B4F80406C8
:10175000401EA4F804060020E2E700002DE9F0474F
:1017600004460D46204600F0B5F828B131A003F03C
:10177000A7FA0220BDE8F0873948006868600020B9
:1017800028726878022838D1B4F800660EB91F268E
:1017900001E0701E86B2B4F8040600282ADD002796
:1017A00024E0B4F80016491EC91B01F12000C1173E
:1017B00000EBD1614911A0EB41111FFA81F808F14A
:1017C0001F00C11700EBD1614911A0EB41111FFAB5
:1017D00081F908EB480204EB021109EB490204EB22
:1017E00002103022FEF7A0FC781C87B2B4F8040681
:1017F000B842D6DCA4F8006614E0B4F8021601EB97
:10180000410104EB011030222946FEF78DFCB4F8AB
:101810000216481CC11700EBD1614911A0EB411120
:10182000A4F80216B4F80406401CA4F8040600202C
:10183000A0E700005B51756575655D20E9989FE53F
:101840008897E5B7B2E6BBA1EFBC8CE697A0E6B3FC
:1018500095E6B7BBE58AA0E8AFB7E6B1820D0A000E
:10186000600000200146B1F80406704710B5044638
:101870000020A4F80006A4F80206A4F804064FF419
:10188000C0612046FEF769FC202102A003F018FA8F
:1018900010BD00005B51756575655D20E9989FE599
:1018A0008897E5889DE5A78BE58C96E5AE8CE68864
:1018B00090EFBC8CE5A4A7E5B08F3A2025640D0A13
:1018C000000000000146B1F8040608B90120704785
:1018D0000020FCE70146B1F80406202801DB0120C6
:1018E00070470020FCE770B500240EE00021204680
:1018F00000F063FC002504E0002000F0CDFC681C33
:10190000C5B2802DF8DB601CC4B2082CEEDB70BDC4
:1019100010B5FFF7E8FF14A20121084600F098FC7B
:10192000012000F0C1FE28B112A20121022000F026
:101930008FFC04E012A20121022000F089FC0220A9
:1019400000F0B2FE28B111A20121032000F080FCBA
:1019500004E011A20121032000F07AFC11A2012170
:10196000042000F075FC10BD202041637475617483
:101970006F727300202046616E3A204F4E000000C7
:10198000202046616E3A204F4646000020205075C8
:101990006D703A204F4E0000202050756D703A2037
:1019A0004F46460020202D2D2D2D2D2D000000000E
:1019B00010B51D490978481CC11700EB91718910B9
:1019C000A0EB8101184A1170FFF78DFF16480078CF
:1019D00030B101280AD002280ED0032818D111E016
:1019E00012A20121022000F033FC11E013A2012118
:1019F000022000F02DFC0BE014A20121022000F0D7
:101A000027FC05E014A20121022000F021FC00BF08
:101A100000BF14A20121032000F01AFC4FF4FA7059
:101A200004F07EFD10BD00005400002020205379FA
:101A30007374656D20537461747573002020536551
:101A40006E736F7220446174610000002020416356
:101A5000747561746F72730020204E6574776F72B5
:101A60006B00000020204D6F6465204368616E6745
:101A70006564000010B50020104908701049087016
:101A800010490860FFF72FFF0FA20121084600F060
:101A9000DFFB11A20121022000F0DAFB11A20121DB
:101AA000032000F0D5FB13A20121042000F0D0FB9D
:101AB0004FF47A7004F034FD10BD00005400002093
:101AC00055000020580000202020536D61727420C2
:101AD0004167726900000000202053797374656DBE
:101AE000000000002020496E697469616C697A69A0
:101AF0006E6700002020506C656173652077616916
:101B0000742E2E2E000000001FB5FFF7ECFE13A26E
:101B10000121084600F09CFB1548FFF7A3FE044690
:101B2000224614A1684603F0DBF86A460121022030
:101B300000F08EFB01F098FC28B112A201210320D5
:101B400000F086FB04E014A20121032000F080FBDA
:101B500016A20121042000F07BFB1FBD20204E6552
:101B600074776F726B20537461747573000000009A
:101B700010060020202051756575653A2025642FD8
:101B80003332000020205365727665723A204F6E22
:101B90006C696E65000000002020536572766572E6
:101BA0003A204F66666C696E650000002020557013
:101BB0006C6F61643A2041637469766500000000CF
:101BC0002DE9F04190B0FFF78EFEFFF713FAFFF713
:101BD000F3F90746FFF7EAF98046FFF7F3FC0446FE
:101BE0000DAB0CAA0EA90FA802F0F4FB6B4800780D
:101BF00030B1012823D0022855D003281ED181E01E
:101C000067A20121084600F023FB3A4668A108A814
:101C100003F066F8424669A104A803F061F808AA37
:101C20000121022000F014FB04AA0121032000F08E
:101C30000FFB66A20121042000F00AFB9FE066A2D0
:101C40000121084600F004FB224667A108A803F022
:101C500047F80A2C05DA67A20121032000F0F8FA00
:101C600016E0B4F5FA7F05DA66A20121032000F040
:101C7000EFFA0DE0B4F5FA6F05DA67A2012103204F
:101C800000F0E6FA04E069A20121032000F0E0FA86
:101C900008AA0121022000F0DBFA4CA20121042055
:101CA00000F0D6FA6BE065A20121084600F0D0FAF8
:101CB0000F98FEF7C9FC05462A460B4663A108A803
:101CC00003F00EF80E98FEF7BFFC05462A460B46B9
:101CD00062A104A803F004F8BDF8302063A16846AF
:101CE00002F0FEFF08AA0121022000F0B1FA04AAC6
:101CF0000121032000F0ACFA6A460121042000F023
:101D0000A7FA3CE05CA20121084600F0A1FA0D9878
:101D1000FEF79AFC05462A460B465AA108A802F08F
:101D2000DFFF0D98FEF790FC05460022584BFEF7AA
:101D30009FFC05D257A20121032000F089FA13E08D
:101D40000D98FEF781FC05460022574BFEF7A8FCD4
:101D500005D256A20121032000F07AFA04E058A22D
:101D60000121032000F074FA08AA0121022000F0EA
:101D70006FFA16A20121042000F06AFA00BF00BF2A
:101D800006490978481CC11700EB91718910A0EB36
:101D90008101024A117010B0BDE8F08155000020A9
:101DA00020204169722053656E736F7273000000CA
:101DB000202054656D703A2025644300202048752A
:101DC0006D69643A202564252500000020202D2D12
:101DD0002D2D2D2D0000000020204C6967687420F7
:101DE00053656E736F72000020204C75783A202581
:101DF0006400000020205374617475733A204461BC
:101E0000726B000020205374617475733A20496E20
:101E1000646F6F720000000020205374617475734A
:101E20003A20436C6F7564790000000020205374E1
:101E3000617475733A2053756E6E79002020536F6C
:101E4000696C2053656E736F7273000020204D6FB4
:101E50006973743A20252E316625250020205465AB
:101E60006D703A20252E3166430000002020454346
:101E70003A202564000000002020536F696C207018
:101E800048000000202070483A20252E31660000CE
:101E90000000164020205374617475733A2041632A
:101EA000696469630000000000001E402020537434
:101EB000617475733A20416C6B616C696E650000EA
:101EC00020205374617475733A204E657574726185
:101ED0006C0000007FB5FFF706FD1EA20121084639
:101EE00000F0B6F91F48007828B11FA20121022096
:101EF00000F0AEF904E020A20121022000F0A8F9D0
:101F000001F0B2FA28B121A20121032000F0A0F9CA
:101F100004E023A20121032000F09AF9FFF726FB39
:101F20004FF47A71B0FBF1F43C20B4FBF0F0C5B291
:101F30003C20B4FBF0F100FB114633462A461DA1BC
:101F4000684602F0CDFE6A460121042000F080F9C7
:101F50007FBD00002020536D61727420416772695B
:101F60000000000074000020202034473A20436F16
:101F70006E6E656374656400202034473A204469BE
:101F800073636F6E6E656374656400002020544354
:101F9000503A20436F6E6E65637465640000000004
:101FA00020205443503A20446973636F6E6E65631A
:101FB00074656400202054696D653A2025303264D0
:101FC0003A2530326400000010B5FFF7CFFA04461E
:101FD0000F480068201AB0F57A7F18D30C480460C7
:101FE0000C48007830B1012807D0022808D0032817
:101FF0000CD108E0FFF76EFF08E0FFF7E1FD05E018
:10200000FFF786FC02E0FFF77FFD00BF00BF10BDB9
:10201000580000205400002008B50121082000F0DD
:10202000B1FA14208DF8030003208DF8020040203F
:10203000ADF8000069460A48FFF7A8F98020ADF81E
:10204000000069460648FFF7A1F901224021044833
:10205000FFF786FA012280210148FFF781FA08BDC7
:10206000000C014070B50546002413E0802020419B
:1020700000EA050280210E48FFF772FA0122402192
:102080000B48FFF76DFA002240210948FFF768FA74
:10209000601CC4B2082CE9DB012240210448FFF790
:1020A0005FFA002240210248FFF75AFA70BD000093
:1020B000000C014010B5012280210948FFF750FAB9
:1020C000012240210648FFF74BFA002280210448F4
:1020D000FFF746FA002240210148FFF741FA10BD00
:1020E000000C014010B5002280210748FFF738FAA4
:1020F000012240210448FFF733FA012280210248DF
:10210000FFF72EFA10BD0000000C014070B500244E
:1021100006E0002500E06D1CB5F57A7FFBD3641C5A
:10212000B4F57A7FF5D3FFF777FFAE2000F0A4F87F
:10213000D52000F0A1F8802000F09EF8A82000F043
:102140009BF83F2000F098F8D32000F095F800208D
:1021500000F092F8402000F08FF8A12000F08CF8F9
:10216000C82000F089F8DA2000F086F8122000F08C
:1021700083F8812000F080F8CF2000F07DF8D9208E
:1021800000F07AF8F12000F077F8DB2000F074F826
:10219000302000F071F8A42000F06EF8A62000F0C6
:1021A0006BF88D2000F068F8142000F065F8AF207F
:1021B00000F062F8FFF797FB70BD70B505460C465E
:1021C00045F0B00000F058F8102141EA141000F07A
:1021D00053F804F00F0000F04FF870BD2DE9F04106
:1021E00005460E461746721ED206110E6A1E52068C
:1021F000100EFFF7E2FF002409E0A7F12001134AC7
:1022000002EB0111085D00F047F8601CC4B2082C15
:10221000F3DB721ED206110E6A1E012303EB42028B
:10222000D0B2FFF7CAFF00240BE0A7F12001074A54
:1022300002EB011204F10801505C00F02DF8601C63
:10224000C4B2082CF1DBBDE8F0810000506E00083C
:102250002DE9F04107460E461546002407E02A5DA9
:102260003019C1B23846FFF7B9FF601CC4B2285D0F
:102270000028F4D1BDE8F08110B50446FFF71AFF3D
:102280007820FFF7EFFE0020FFF7ECFE2046FFF777
:10229000E9FEFFF727FF10BD10B50446FFF70AFF60
:1022A0007820FFF7DFFE4020FFF7DCFE2046FFF737
:1022B000D9FEFFF717FF10BD7047000010B50020D2
:1022C00004E00121074A1154411CC8B20728F8DD77
:1022D00005A20121072000F02BF80CA002F0F0FC71
:1022E00010BD000067000020E68993E58DB0E7AEE1
:1022F000A1E79086E599A8E5889DE5A78BE58C96F2
:10230000E5AE8CE688900D0A000000005B50726913
:102310006E744D616E616765725D20E5889DE5A70D
:102320008BE58C96E5AE8CE688900D0A00000000E7
:102330000FB430B5C1B004460D462F48007830B90F
:102340002D48005D18B941B030BC5DF814FB2B4836
:102350000078854200DAF6E7052D18D2DFE805F0AF
:1023600003070B0F130026A000F019FA0FE027A0B7
:1023700000F015FA0BE027A000F011FA07E028A002
:1023800000F00DFA03E029A000F009FA00BF00BF39
:10239000082C21D2DFE804F02004080C1014181CCB
:1023A00025A000F0FCF917E027A000F0F8F913E0F1
:1023B00029A000F0F4F90FE02BA000F0F0F90BE0F9
:1023C0002BA000F0ECF907E02BA000F0E8F903E007
:1023D0002CA000F0E4F900BF00BF47A84090684679
:1023E000409A469902F0AAFC694629A000F0D7F964
:1023F0000020409000BFA6E7670000206600002094
:102400005B44454255475D20000000005B494E4655
:102410004F5D20005B5741524E494E475D20000002
:102420005B4552524F525D20000000005B43524911
:10243000544943414C5D20005BE4BCA0E6849FE529
:1024400099A85D20000000005BE689A7E8A18CE563
:1024500099A85D20000000005BE69C8DE58AA1E55F
:1024600099A85D20000000005B576946695D200067
:102470005B4F4C45445D20005BE9989FE588975D84
:10248000200000005BE7B3BBE7BB9F5D20000000BE
:102490002573000010B5044604480470234604A2C6
:1024A00001210720FFF744FF10BD00006600002057
:1024B000E68993E58DB0E7BAA7E588ABE8AEBEE75D
:1024C000BDAEE4B8BA3A2025640D0A0038B504461A
:1024D0000D4694B9002003E010490D54411CC8B2C8
:1024E0000728F9DD0DB10EA000E00FA0034610A2F1
:1024F00001210720FFF71CFF0EE0072C0CDC07482A
:1025000005550DB106A000E007A023460FA201214A
:1025100000900720FFF70CFF38BD00006700002087
:10252000E590AFE794A80000E7A681E794A8000033
:10253000E68980E69C89E6A8A1E59D97E68993E572
:102540008DB0E5B7B225730D0A000000E6A8A1E53D
:102550009D9720256420E68993E58DB0E5B7B225E7
:10256000730D0A0029B1064AD2690243044BDA61AD
:1025700004E0034AD2698243014BDA6170470000EC
:102580000010024029B1064A92690243044B9A6145
:1025900004E0034A92698243014B9A61704700004C
:1025A0000010024030B500210022002400232D4DF0
:1025B0006D6805F00C0121B1042905D0082923D14B
:1025C00005E0294D056022E0274D05601FE0254DFF
:1025D0006D6805F47012234D6D6805F48034022592
:1025E00005EB92421CB9214D554305600BE01D4D92
:1025F0006D6805F400351DB11C4D5543056002E0C2
:10260000194D5543056002E0174D056000BF00BF3E
:10261000144D6D6805F0F0010909154D6B5C0568F6
:10262000DD4045600F4D6D6805F4E061090A104D0D
:102630006B5C4568DD4085600A4D6D6805F460514E
:10264000C90A0B4D6B5C4568DD40C560054D6D6882
:1026500005F44041890B074D6B5CC568B5FBF3F58C
:10266000056130BD0010024000127A0000093D00F3
:10267000140000202400002010B5044622464FF428
:1026800080410248FEF76CFF10BD000000080140C9
:1026900010B5044622464FF400510248FEF760FF91
:1026A00010BD00000008014010B50446012C04D103
:1026B00081030648FEF747FF10BD022C04D1210319
:1026C0000248FEF740FFF7E70020F5E70008014069
:1026D00008B501210520FFF755FF4FF4C040ADF8C4
:1026E000000010208DF8030003208DF802006946D9
:1026F0000648FEF74BFE01210548FEF7D3FE4FF4D6
:10270000C0410248FEF728FF08BD00000008014054
:102710000004300008B501210420FFF733FF4FF417
:102720008070ADF8000010208DF8030003208DF8B4
:10273000020069460648FEF729FE4FF480710448FE
:10274000FEF70AFF4FF4965002F076F908BD00003C
:102750000008014070B505460E4600244FF4807114
:102760000C48FEF7FBFE00BF0CE0295D0A4802F0B2
:10277000A0FA00BF4021084802F0CDF90028F9D0A6
:10278000601CC4B2B442F0DB4FF480710148FEF724
:10279000E3FE70BD000801400048004070470FB4E0
:1027A00000B59BB01DA8019002A8019A1C9902F0E7
:1027B000C5FA0020019002A800F014F81BB05DF8E3
:1027C00014FB000010B504462146054802F071FADA
:1027D00000BF8021024802F09EF90028F9D010BD08
:1027E0000038014070B50446002504E0605DFFF745
:1027F000E9FF681CC5B2605D0028F7D170BD00001C
:102800002DE9F74F88B00C4615460020079004B11B
:102810001DB902200BB0BDE8F08F002020602870A9
:1028200000F044FC08B10220F4E703F05BFE322024
:1028300003F076FE03F056FE142003F071FE80A034
:10284000089903F01DFE052003F06AFE87A289A106
:102850008CA003F015FE052003F062FE8DA003F0AE
:102860000FFE052003F05CFE91A003F009FEC820D6
:1028700003F056FE002640F6B83926E003F01CFEB1
:102880008046B8F1000F13D04046FDF79BFC87B29D
:10289000F01940F2FF71884209D2864988194146F1
:1028A000FDF7A5FCF01986B200208249885500BFCB
:1028B00081A18048FDF768FC00B109E0A9F10100A1
:1028C0001FFA80F9022003F02BFEB9F1000FD5DCCE
:1028D00000BF7848FDF776FC002875D078A17548D0
:1028E000FDF752FC002871D079A17248FDF74CFC2D
:1028F00006900698002867D077A10698FDF744FC5B
:1029000040B14FF400616B48FDF727FC03F0EAFD8E
:1029100000207FE772A10698FDF736FC824672A17F
:102920000698FDF731FC0590BAF1000F4BD00598E1
:10293000002848D022466FA15046FDF761FC0020D8
:1029400001900290039004906CA10598FDF71CFC87
:102950000746002F36D00B376BA13846FDF714FC25
:102960000090009868B30098C01B00F0FF0BBBF10B
:10297000100F25D25A46394601A8FDF717FC002052
:1029800001A901F80B0061A101A8FDF722FC20B903
:102990005FA12846FDF72BFC10E05EA101A8FDF722
:1029A00018FC20B95CA12846FDF721FC06E00F22A7
:1029B00001A92846FDF7FAFB0020E87301200790E3
:1029C00000BF00BF00BF00BF1CE0FFE753A13948B4
:1029D000FDF7DAFB40B14FF400613648FDF7BDFB6F
:1029E00003F080FD002015E750A13248FDF7CCFB35
:1029F00040B14FF400612F48FDF7AFFB03F072FDCB
:102A0000002007E74FF400612A48FDF7A6FB03F01A
:102A100069FD079890B12946089800F06DFB0746BC
:102A20002FB946A22168089800F0D8F804E046A221
:102A30002168089800F0D2F80120EBE60020E9E6D2
:102A4000474554202F6170692F6163747561746FFD
:102A500072732F25732F636F6D6D616E64732048E1
:102A60005454502F312E310D0A00000033303030D5
:102A7000000000003139322E3136382E3133372EF6
:102A800031000000486F73743A2025733A25730DA6
:102A90000A000000436F6E6E656374696F6E3A20C2
:102AA0006B6565702D616C6976650D0A000000002C
:102AB0000D0A00001E0E00200D0A0D0A0000000085
:102AC000485454502F312E31203230300000000055
:102AD0002264617461223A006E756C6C0000000023
:102AE000226964223A00000022636F6D6D616E649A
:102AF000223A0000226964223A25640022636F6D45
:102B00006D616E64223A2200220000006F6E0000A8
:102B10004F4E00006F6666004F46460048545450C2
:102B20002F312E31203430340000000048545450EE
:102B30002F312E312035303000000000657865637C
:102B400075746564000000006661696C656400006E
:102B500010B51248007808B9002010BD03F0C2FC7F
:102B6000322003F0DDFC03F0A7FC0446A4B10CA165
:102B70002046FDF709FB20B90BA12046FDF704FB19
:102B800040B10BA002F09CF80020044908701249E3
:102B90000870E2E703F0A6FC0120DEE75C000020FD
:102BA000434C4F53454400004552524F52000000E1
:102BB0005B536572766572436F6D6D5D20E6A38031
:102BC000E6B58BE588B0E8BF9EE68EA5E696ADE556
:102BD000BC800D0A000000005D0000202DE9F04FD0
:102BE00091B00746884691464FF0000B4B4642464F
:102BF00043A101A802F074F801A8FDF7E3FAC0B2FE
:102C0000009000F053FA18B1012011B0BDE8F08F28
:102C100003F068FC322003F083FC03F063FC142013
:102C200003F07EFC39463EA003F02AFC052003F0A9
:102C300077FC46A247A14BA003F022FC052003F03D
:102C40006FFC4CA003F01CFC052003F069FC52A0B3
:102C5000009903F015FC052003F062FC54A003F07A
:102C60000FFC052003F05CFC58A003F009FC0520D4
:102C700003F056FC01A956A003F002FC002440F624
:102C8000B8362CE003F018FC0546B5B12846FDF730
:102C900099FA1FFA80FA04EB0A0040F2FF718842A9
:102CA0000AD24C4908192946FDF7A1FA04EB0A009B
:102CB00084B200204749085500BF47A14548FDF7A9
:102CC00063FA38B146A14348FDF75EFA08B14FF008
:102CD000010B06E0701E86B2012003F021FC002EDD
:102CE000D0DC00BF4FF400613A48FDF736FA03F03C
:102CF000F9FBBBF1000F01D1012086E7002084E73A
:102D00007B22636F6D6D616E645F6964223A256436
:102D10002C22737461747573223A222573227D000C
:102D20005041544348202F6170692F61637475616D
:102D3000746F72732F25732F636F6D6D616E647383
:102D400020485454502F312E310D0A00333030308A
:102D5000000000003139322E3136382E3133372E13
:102D600031000000486F73743A2025733A25730DC3
:102D70000A000000436F6E74656E742D547970659F
:102D80003A206170706C69636174696F6E2F6A7349
:102D90006F6E0D0A00000000436F6E74656E742D37
:102DA0004C656E6774683A2025640D0A00000000C7
:102DB000436F6E6E656374696F6E3A206B65657004
:102DC0002D616C6976650D0A000000000D0A000097
:102DD000257300001E1600200D0A0D0A00000000D9
:102DE000485454502F312E31203230300000000032
:102DF00070B50024032535480078002813D03448E6
:102E0000007800280FD0FFF7A3FE20B131A001F019
:102E100057FF002070BD3CA001F052FF00202B495D
:102E200008702B490870002423E02A46611C43A047
:102E300001F046FF4FF47A724DA14EA002F08EFED3
:102E4000C82003F06DFB4EA14FA002F0EFFB30B99C
:102E500001201E49087050A001F032FF0BE0012153
:102E600055A001F02DFF4FF47A7003F059FB601C60
:102E7000C4B2AC42D9DB00BF1448007820B95BA0D3
:102E800001F01EFF0120C5E74FF4967003F048FBE8
:102E900065A001F015FF02F0E5FC78B16CA001F02F
:102EA0000FFF4FF4FA6232A132A002F057FE002069
:102EB00006490870064908700220ABE70120044962
:102EC00008706DA001F0FCFE0020A3E75C0000206C
:102ED0005D0000205B536572766572436F6D6D5DBA
:102EE00020E5B7B2E5A484E4BA8EE8BF9EE68EA5DD
:102EF000E78AB6E68081EFBC8CE697A0E99C80E982
:102F0000878DE8BF9E0D0A005B536572766572433C
:102F10006F6D6D5D20E8BF9EE68EA5E5B7B2E696C3
:102F2000ADE5BC80EFBC8CE9878DE696B0E5BBBA19
:102F3000E7AB8B2E2E2E0D0A000000005B5365724E
:102F4000766572436F6D6D5D20E5BBBAE7AB8B5460
:102F50004350E8BF9EE68EA52028E5B09DE8AF95DA
:102F60002025642F2564292E2E2E0D0A0000000036
:102F70004F4B000041542B434950434C4F534500A5
:102F800033303030000000003139322E3136382EE7
:102F90003133372E310000005B5365727665724322
:102FA0006F6D6D5D20544350E8BF9EE68EA5E688A8
:102FB00090E58A9F0D0A00005B5365727665724347
:102FC0006F6D6D5D20544350E8BF9EE68EA5E5A46D
:102FD000B1E8B4A5EFBC8C2564E7A792E5908EE933
:102FE000878DE8AF952E2E2E0D0A00005B5365727B
:102FF000766572436F6D6D5D20544350E8BF9EE669
:103000008EA5E5A4B1E8B4A5EFBC8CE5B7B2E8BEE7
:10301000BEE69C80E5A4A7E9878DE8AF95E6ACA164
:10302000E695B00D0A0000005B5365727665724349
:103030006F6D6D5D20E8BF9BE585A5E9808FE4BCE1
:10304000A0E6A8A1E5BC8F2E2E2E0D0A00000000E0
:103050005B536572766572436F6D6D5D20E8BF9B53
:10306000E585A5E9808FE4BCA0E6A8A1E5BC8FE5D5
:10307000A4B1E8B4A50D0A005B536572766572438E
:103080006F6D6D5D20E9808FE4BCA0E6A8A1E5BC72
:103090008FE68890E58A9FEFBC8CE8BF9EE68EA500
:1030A000E5B7B2E5BBBAE7AB8B0D0A0010B500F08F
:1030B000DBF908B1002010BD02A001F001FEFFF70E
:1030C00097FEF8E75B536572766572436F6D6D5DD1
:1030D00020E8BF9EE68EA5E4B88DE58FAFE794A803
:1030E000EFBC8CE5B09DE8AF95E9878DE8BF9E2EDB
:1030F0002E2E0D0A0000000038B505460C4605B11D
:1031000034B936A203210220FFF712F9012038BD9D
:1031100036A12846FDF75DF8002827D135A12046C5
:10312000FDF757F870B934A201210220FFF700F92A
:103130000120FFF7A1FA012211462CA000F03AFE6F
:103140000020E4E730A12046FDF743F870B92FA234
:1031500001210220FFF7ECF80020FFF78DFA012291
:10316000002122A000F026FE0020D0E72BA1284657
:10317000FDF72FF8002827D11EA12046FDF729F8DA
:1031800070B928A201210220FFF7D2F80120FFF731
:103190007FFA0122114621A000F00CFE0020B6E7C4
:1031A00019A12046FDF715F870B922A201210220CD
:1031B000FFF7BEF80020FFF76BFA0122002117A0ED
:1031C00000F0F8FD0020A2E72B461EA202210846CF
:1031D0000094FFF7ADF8012099E70000E58F82E643
:1031E00095B0E99499E8AFAF0D0A000057502D3023
:1031F000303100004F4E0000E68993E5BC80E9A322
:103200008EE689870D0A00004F464600E585B3E942
:1032100097ADE9A38EE689870D0A000057502D303F
:1032200030320000E68993E5BC80E6B0B4E6B3B581
:103230000D0A0000E585B3E997ADE6B0B4E6B3B595
:103240000D0A0000E69CAAE79FA5E68C87E4BBA4D4
:103250003A20E689A7E8A18CE599A83D25732C20A2
:10326000E68C87E4BBA43D25730D0A0010B5002051
:10327000134908701349087013490860FDF758FF97
:103280001248FEF7F3FA00F0C1F811A001F018FDA2
:103290001BA001F015FD26A227A12BA001F010FD17
:1032A0004FF4FA7132A001F00BFD202139A001F09A
:1032B00007FD40A001F004FD48A001F001FD10BD94
:1032C0005C0000205D00002060000020100600204F
:1032D0000D0A3D3D3D3D3D3D3D3D3D3D3D3D3D3D81
:1032E0003D3D3D3D3D3D3D3D3D3D3D3D3D3D3D3D0E
:1032F0003D3D3D3D3D3D3D3D3D3D0D0A0000000055
:103300005B536572766572436F6D6D5D20E5889DD8
:10331000E5A78BE58C96E69C8DE58AA1E599A8E961
:10332000809AE4BFA1E6A8A1E59D970D0A000000E0
:1033300033303030000000003139322E3136382E33
:103340003133372E310000005B536572766572436E
:103350006F6D6D5D20E69C8DE58AA1E599A8E59CE1
:10336000B0E59D803A2025733A25730D0A000000D0
:103370005B536572766572436F6D6D5D20E4B88A4C
:10338000E4BCA0E997B4E99A943A202564206D73CF
:103390000D0A00005B536572766572436F6D6D5D5B
:1033A00020E9989FE58897E5A4A7E5B08F3A202506
:1033B000640D0A005B536572766572436F6D6D5DD7
:1033C00020E9989FE58897E6A8A1E5BC8FE5B7B20C
:1033D000E590AFE794A80D0A000000003D3D3D3D9B
:1033E0003D3D3D3D3D3D3D3D3D3D3D3D3D3D3D3D0D
:1033F0003D3D3D3D3D3D3D3D3D3D3D3D3D3D3D3DFD
:103400003D3D3D3D0D0A0D0A0000000010B50020B5
:103410000949A1F80002A1F80202A1F804024FF440
:1034200000710548FCF799FE102304A20121032036
:10343000FEF77EFF10BD0000180C0020E68C87E42C
:10344000BBA4E9989FE58897E5889DE5A78BE58C67
:1034500096E5AE8CE68890EFBC8CE5A4A7E5B08F2E
:103460003A2025640D0A000010B50548007810B117
:103470000448007808B9002010BDFFF769FBFBE79E
:103480005C0000205D0000202DE9F04F91B0054662
:1034900000244248FEF7E6F98046B8F1000F03D158
:1034A000002011B0BDE8F08FFDF73CFE81463CA046
:1034B00001F006FC4246294647A001F001FC41E02C
:1034C00005A93648FEF724F918B153A001F0F8FB1E
:1034D0003FE0FDF727FE049005A800F0C7F9074676
:1034E000FDF720FE0390DDE90301401A02900298E7
:1034F000FDF750FD01902FB9611C4FA0019A01F01A
:10350000DFFB1CE03A46611C58A0019B01F0D8FB90
:103510009DF81C0003280FDA9DF81C00401CC0B267
:103520008DF81C009DF81C105FA001F0C9FB05A9D7
:103530001A48FEF713F902E067A001F0C1FB601C16
:10354000C4B200BFAC4204DA1448FEF7BBF900284D
:10355000B6D000BFFDF7E6FD8246AAEB090B584640
:10356000FDF718FD06466AA001F0AAFB0B48FEF71E
:1035700079F907463A46214672A001F0A1FB002CDA
:1035800002DDB6FBF4F000E0002007463A46314683
:103590007AA001F095FB204683E70000100600208A
:1035A0000D0A5B51756575655D203D3D3D3D3D3DB9
:1035B0003D3D3D3D20E689B9E9878FE5A484E7904C
:1035C00086E9989FE58897203D3D3D3D3D3D3D3D49
:1035D0003D3D0D0A000000005B51756575655D207D
:1035E000E69C80E5A4A7E5A484E79086E695B0E98B
:1035F000878F3A2025642C20E9989FE58897E4B8C6
:10360000ADE79A84E8AFB7E6B182E695B0E9878F77
:103610003A2025640D0A00005B51756575655D20D3
:10362000E58F96E587BAE8AFB7E6B182E5A4B1E8E1
:10363000B4A50D0A000000005B51756575655D203D
:10364000E8AFB7E6B18223256420E5A484E790863D
:10365000E68890E58A9F2C20E88097E697B63A2086
:10366000256C75206D730D0A000000005B517565B7
:1036700075655D20E8AFB7E6B18223256420E5A437
:1036800084E79086E5A4B1E8B4A528E99499E8AF69
:10369000AF3A2564292C20E88097E697B63A202592
:1036A0006C75206D730D0A005B51756575655D2045
:1036B000E9878DE696B0E58AA0E585A5E9989FE5BE
:1036C0008897EFBC8CE9878DE8AF95E6ACA1E695CD
:1036D000B03A2025640D0A005B51756575655D2063
:1036E000E5B7B2E8BEBEE588B0E69C80E5A4A7E9F0
:1036F000878DE8AF95E6ACA1E695B0EFBC8CE6947B
:10370000BEE5BC83E8AFB7E6B1820D0A0000000059
:103710005B51756575655D203D3D3D3D3D3D3D3DE4
:103720003D3D20E689B9E9878FE5A484E79086E5E9
:10373000AE8CE68890203D3D3D3D3D3D3D3D3D3DCF
:103740000D0A00005B51756575655D20E5AE9EE96B
:103750009985E5A484E79086E79A84E8AFB7E6B157
:1037600082E695B0E9878F3A2025642C20E589A967
:10377000E4BD993A2025640D0A0000005B5175658F
:1037800075655D20E680BBE88097E697B63A202510
:103790006C75206D732C20E5B9B3E59D87E6AF8F7E
:1037A000E4B8AAE8AFB7E6B1823A20256C75206D7F
:1037B000730D0A0D0A00000000B589B01D48B0F86D
:1037C000040208B909B000BD2DE01A48B0F80002A3
:1037D000184A02EB4011202201A8FCF7A5FC15496C
:1037E000B1F80012481CC11700EB11710911A0EBD0
:1037F0000111104AA2F800121046B0F80402401E4F
:103800001146A1F8040205A801AB0BA2012100900A
:103810000220FEF78DFD05A901A8FFF76DFC0A2027
:1038200002F07EFE00BF0348B0F804020028CCDCA2
:1038300000BFC7E7180C0020E689A7E8A18CE9982B
:103840009FE58897E4B8ADE79A84E68C87E4BBA44B
:103850003A20E689A7E8A18CE599A83D25732C209C
:10386000E68C87E4BBA43D25730D0A002DE9F04FDB
:103870009BB0044600201A90207805287DD2DFE80E
:1038800000F00330F8F7F600E069FCF7DDFE0546CE
:103890002A460B46ABA101A801F022FA01A8FCF7C9
:1038A00091FC00F0FF0A04F10C01AAA002F0E8FD6F
:1038B000B2A2B4A1B7A002F0E3FDBAA002F0E0FD0D
:1038C0005146C1A002F0DCFDC5A002F0D9FDCBA09D
:1038D00002F0D6FD01A9CAA002F0D2FD00201A9084
:1038E0002BE1607F08B1C7A000E0C8A00346207F9D
:1038F00008B1C8A000E0C8A00246C8A10AA801F00B
:10390000EFF90AA8FCF75EFC00F0FF0902F0EAFDFF
:103910000A2002F005FE04F10C01C7A002F0B0FD80
:10392000052002F0FDFD95A296A19AA002F0A8FD47
:10393000052002F0F5FD9BA002F0A2FD052002F09B
:10394000EFFD4946A0A002F09BFD052002F0E8FD36
:10395000A3A002F095FD052002F0E2FDA7A002F071
:103960008FFD052002F0DCFD0AA9A5A002F088FD6C
:103970004FF4FA7002F0D4FD00E0D7E040F6B8371B
:1039800000200990A8E002F097FD8046B8F1000FF2
:1039900070D0B2A14046FCF7F7FB38B1B3A20121C9
:1039A0000320FEF7C5FC0120099010E0B6A14046B7
:1039B000FCF7EAFB20B9B7A14046FCF7E5FB30B1C4
:1039C000B7A203210846FEF7B3FC01200990BAA173
:1039D0004046FCF7D9FB002876D0BDA20121032088
:1039E000FEF7A6FCC1A14046FCF7CEFB0546C4A1EC
:1039F0004046FCF7C9FB0646002D64D0002E62D07D
:103A00001035B2A12846FCF7BFFB83460020069084
:103A100007900890BBF1000F0AD0ABEB05022946D6
:103A200006A8FCF7C3FB0020ABEB050106AA505427
:103A30000F36A6A13046FCF7A7FB82460020039074
:103A400004900590BAF1000F0AD0AAEB06023146A5
:103A500003A8FCF7ABFB0020AAEB060103AA505415
:103A60006CA106A8FCF7B5FB28B9012004E059E0D9
:103A700049E03BE02BE00020029062A103A8FCF7A4
:103A8000A8FB08B9012000E000200190A0A104F1EA
:103A90000C00FCF79EFB18B90298FEF7EDFD08E05C
:103AA0009DA104F10C00FCF794FB10B90298FEF7FD
:103AB000EFFD642002F034FD04F10C00DDE901218A
:103AC00000F078F900BF00BF02F00CFD0AE0781E9C
:103AD00087B2012002F024FD002F03DD09980028A1
:103AE0003FF451AF00BF00201A9026E004F10C0112
:103AF0008BA001F0E5F804F10C00D4E90712FEF701
:103B00007FFE1A9019E004F10C018EA0E26901F029
:103B1000D7F804F1200204F10C00E169FFF75EF828
:103B20001A900AE092A001F0CBF806E0217898A064
:103B300001F0C6F804201A9000BF00BF1A981BB00D
:103B4000BDE8F08F7B2276616C7565223A252E32B6
:103B5000667D0000504F5354202F6170692F7365AC
:103B60006E736F72732F25732F64617461204854D4
:103B700054502F312E310D0A000000003330303008
:103B8000000000003139322E3136382E3133372ED5
:103B900031000000486F73743A2025733A25730D85
:103BA0000A000000436F6E74656E742D5479706561
:103BB0003A206170706C69636174696F6E2F6A730B
:103BC0006F6E0D0A00000000436F6E74656E742DF9
:103BD0004C656E6774683A2025640D0A0000000089
:103BE000436F6E6E656374696F6E3A206B656570C6
:103BF0002D616C6976650D0A000000000D0A000059
:103C0000257300006D616E75616C00006175746FE5
:103C1000000000006F6E00006F6666007B22737408
:103C2000617465223A222573222C226D6F6465220D
:103C30003A222573227D0000504F5354202F61708B
:103C4000692F6163747561746F72732F25732048D7
:103C50005454502F312E310D0A0000004854545056
:103C60002F312E312032303000000000E69C8DE5EF
:103C70008AA1E599A8E5938DE5BA943A20323030CF
:103C8000204F4B0D0A000000485454502F312E3164
:103C900020340000485454502F312E31203500007C
:103CA000E69C8DE58AA1E599A8E5938DE5BA94E9AE
:103CB0009499E8AFAF0D0A0022616374696F6E22B8
:103CC0003A22666F7263655F73796E63220000004B
:103CD000E694B6E588B0E5BCBAE588B6E5908CE632
:103CE000ADA5E68C87E4BBA40D0A000022736572C3
:103CF0007665725F7374617465223A220000000079
:103D0000227365727665725F6D6F6465223A220078
:103D100057502D303031000057502D3030320000D8
:103D20005B51756575655D20E5A484E79086E68C3A
:103D300087E4BBA4E69FA5E8AFA23A2025730D0A4D
:103D4000000000005B51756575655D20E5A484E7A2
:103D50009086E68C87E4BBA4E7A1AEE8AEA43A2047
:103D600025732C2049443A2025640D0A00000000E8
:103D70005B51756575655D20E5A484E79086E5BFB8
:103D800083E8B7B3E8AFB7E6B1820D0A00000000E0
:103D90005B51756575655D20E69CAAE79FA5E8AF58
:103DA000B7E6B182E7B1BBE59E8B3A2025640D0AE8
:103DB00000000000F0B59FB006460C4615460DB158
:103DC00024A000E025A00CB126A100E026A13346E6
:103DD00026A2CDE9001001210220FEF7A9FA0DB1BB
:103DE0001CA000E01DA003460CB11EA000E01EA018
:103DF00002462DA10FA800F073FF0FA8FCF7E2F90F
:103E0000C7B20FAB2FA2012102200097FEF790FA54
:103E100001208DF80C008DF80D000F22314606A808
:103E2000FCF7C4F903A80477457703A92D48FDF7EB
:103E300095FC38B12CA203210220FEF779FA01206B
:103E40001FB0F0BD35A201210220FEF771FA00205B
:103E5000F6E700006D616E75616C00006175746F4E
:103E6000000000006F6E00006F666600E4B88AE430
:103E7000BCA0E689A7E8A18CE599A8E78AB6E68008
:103E8000813A20E689A7E8A18CE599A83D25732C05
:103E900020E78AB6E680813D25732C20E6A8A1E5BF
:103EA000BC8F3D25730D0A007B22737461746522FB
:103EB0003A222573222C226D6F6465223A222573E3
:103EC000227D00004A534F4EE695B0E68DAE3A2073
:103ED00025732028E995BFE5BAA63A202564290D67
:103EE0000A00000010060020E697A0E6B395E6B7AA
:103EF000BBE58AA0E689A7E8A18CE599A8E78AB680
:103F0000E68081E4B88AE4BCA0E8AFB7E6B182E518
:103F100088B0E9989FE588970D0A0000E689A7E830
:103F2000A18CE599A8E78AB6E68081E4B88AE4BC6A
:103F3000A0E8AFB7E6B182E5B7B2E6B7BBE58AA0C5
:103F4000E588B0E9989FE588970D0A002DE9F04FC4
:103F50008FB000245B4800F0B3FEFDF74BF800285B
:103F600027D1FDF729F88146FDF720F88246524611
:103F7000494655A000F0A4FEB9F1000F0ADD4846FD
:103F8000FCF75DFB0546294655A000F043F908B94A
:103F9000601CC4B2BAF1000F0EDD5046FCF74FFBB7
:103FA0000546294650A000F035F928B9601CC4B276
:103FB00002E04FA000F084FEFDF704FB8346594663
:103FC00052A000F07DFEBBF1000F0ADD5846FCF761
:103FD00036FB0546294652A000F01CF908B9601CC2
:103FE000C4B20BAB0AAA0DA90EA800F0F3F9002881
:103FF00056D1BDF82800FCF722FB0C900B98FCF77B
:1040000023FB05460E460C98FCF71EFB0746884628
:104010000D98FCF719FBCDE908010E98FCF714FB8D
:10402000CDE90278CDE90456CDE90601DDE90801C4
:10403000CDE900013CA0DDE9062300F041FE0021AE
:104040000E98FCF745FB06D243A00E9900F0E2F86B
:1040500008B9601CC4B200210D98FCF739FB06D2E8
:104060003FA00D9900F0D6F808B9601CC4B2002139
:104070000C98FCF72DFB06D23BA00C9900F0CAF877
:1040800008B9601CC4B200210B98FCF721FB0AD2CE
:1040900037A00B9900F0BEF828B9601CC4B202E04A
:1040A00035A000F00DFE3EA000F00AFE21464AA019
:1040B00000F006FE002C03DD00200FB0BDE8F08FFD
:1040C0000520FAE73C7C00085B44485431315D2010
:1040D000543D2564432C20483D256425250D0A00C8
:1040E000542D303031000000482D303031000000B8
:1040F0005B4552524F525D204448543131E8AFBBCA
:10410000E58F96E5A4B1E8B4A50D0A005B4C69679C
:1041100068745D202564204C75780D0A000000004D
:104120004C2D3030310000005B536F696C5D204DC9
:104130003D252E316625252C20543D252E31664304
:104140002C2045433D252E30662C2070483D252EE1
:1041500031660D0A00000000532D303031000000A0
:10416000542D303032000000452D30303100000039
:10417000502D3030310000005B4552524F525D20CF
:10418000E59C9FE5A3A4E4BCA0E6849FE599A8E88C
:10419000AFBBE58F96E5A4B1E8B4A50D0A00000019
:1041A0005B536572766572436F6D6D5D203D3D3D7D
:1041B0003D3D3D3D3D3D3D20E689B9E9878FE4B871
:1041C0008AE4BCA0E5AE8CE68890203D3D3D3D3DB7
:1041D0003D3D3D3D3D0D0A005B5365727665724382
:1041E0006F6D6D5D20E68890E58A9FE6B7BBE58A36
:1041F000A02564E4B8AAE4BCA0E6849FE599A8E6FB
:1042000095B0E68DAEE588B0E9989FE588970D0AF0
:104210000D0A00002DE9F0418CB005460C46002047
:104220008DF8000001208DF8010010480068019011
:1042300000208DF80800294603A8FBF7D8FF079453
:1042400069460B48FDF78AFA8046B8F1000F09D19C
:104250002046FCF7F9F9064632460B46294605A0EA
:1042600000F02EFD40460CB0BDE8F081600000205B
:10427000100600205B536572766572436F6D6D5D4D
:1042800020E4BCA0E6849FE599A8E695B0E68DAE53
:10429000E5B7B2E58AA0E585A5E9989FE588973A54
:1042A000202573203D20252E32660D0A00000000D7
:1042B00010B500F001F810BD0CB500200190009081
:1042C0003348006840F480303149086000BF30480E
:1042D000006800F4003000900198401C01900098A4
:1042E00018B90198B0F5A06FF1D12948006800F421
:1042F000003010B10120009001E0002000900098F3
:10430000012843D12348006840F01000214908608B
:104310000846006820F0030008600846006840F086
:10432000020008601A484068194948600846406819
:1043300048600846406840F480604860084640682D
:1043400020F47C1048600846406840F4E81048605B
:104350000846006840F08070086000BF0C480068A4
:1043600000F000700028F9D00948406820F00300F0
:10437000074948600846406840F00200486000BFB6
:104380000348406800F00C000828F9D10CBD00007B
:10439000001002400020024030B502460B464FF6A6
:1043A000FF70002112E0545C604000240AE000F03D
:1043B000010525B14AF2010585EA600000E04010E0
:1043C000651CECB2082CF2DB4C1CE1B29942EADB32
:1043D00030BD00002DE9F04F87B007468846914672
:1043E0009A4600200590069001208DF814000320C5
:1043F0008DF8150000208DF816008DF817008DF847
:10440000180004208DF81900062105A8FFF7C4FF45
:1044100083460BF0FF008DF81A004FEA1B208DF841
:104420001B0000203E49088000BF04E000213D4AF7
:104430001154411C88B24028F8DB082105A8FEF77A
:1044400089F9002500260AE06D1C012002F068F8B9
:1044500033480088C0F30D060D2E00DB02E0B5F5F1
:104460007A7FF1D300BF0D2E03DA012007B0BDE83B
:10447000F08F2C480078012803D12A48407803287F
:1044800001D00220F2E70D21264800F04FF808B1D4
:104490000320EBE703242349601C085C095D40EA24
:1044A000012004900498FCF7CAF81F490090FBF71C
:1044B00069FF38601B49E01C095C1A4AA01C105CAB
:1044C00041EA002000B203900398FCF7AFF81649C8
:1044D0000090FBF757FFC8F800001249601D095C07
:1044E000104A201D105C41EA002002900298A9F8B1
:1044F00000001146E01D095CA01D105C41EA00208F
:1045000001900198FCF79BF807490090FBF73AFFF0
:10451000CAF8000000200249088000BFA6E700009A
:1045200050000020D005002000002041F0B50546D5
:104530000C46032C01DA0120F0BDA01E295C601E90
:10454000285C41EA0027A01EC1B22846FFF724FFDD
:104550000646B74201D00120EEE70020ECE7042830
:1045600008D14FF0E021096941F004014FF0E02249
:10457000116107E04FF0E021096921F004014FF0DB
:10458000E02211617047704710B51348006840F091
:1045900001001149086008464068104908400E496A
:1045A0004860084600680E4908400B490860084604
:1045B000006820F4802008600846406820F4FE006F
:1045C00048604FF41F008860FFF772FE4FF00060F4
:1045D0000449086010BD0000001002400000FFF810
:1045E000FFFFF6FE08ED00E010B50121880700F09E
:1045F00024F880B10121880700F010F800214FF065
:10460000804000F00EF80448008820F4004000F5D7
:1046100000400149088010BD40000020CA430282CA
:10462000704721B1028842F00102028004E0028852
:104630004FF6FE731A400280704730B502460020E4
:1046400000230024158A05EA0103958905EA01047F
:1046500013B10CB1012000E0002030BD1AB18389F4
:104660000B43838102E083898B438381704781847C
:1046700070470000002202881D4B98420ED01D4B4F
:1046800098420BD0B0F1804F08D01B4B984205D018
:104690001A4B984202D01A4B984204D14FF68F73AE
:1046A0001A404B881A43174B984207D0164B984232
:1046B00004D04FF6FF431A40CB881A4302808B8800
:1046C00083850B8803850A4B98420BD0094B98428F
:1046D00008D00E4B984205D00D4B984202D00D4B9E
:1046E000984201D10B7A0386012383827047000030
:1046F000002C01400034014000040040000800404C
:10470000000C004000100040001400400040014038
:10471000004401400048014010B5002401214348F5
:10472000FCF708FFD8B90A2001F0FAFE01213F4842
:10473000FCF700FF002877D13D480078012873D0AE
:1047400001203B49087000BF01213848FCF7F2FE08
:104750000028F9D0002036490870012010BD022140
:104760003248FCF7E7FED8B90A2001F0D9FE022151
:104770002E48FCF7DFFE002856D12D48007802288D
:1047800052D002202A49087000BF02212748FCF7B6
:10479000D1FE0028F9D00020254908700220DDE76D
:1047A00004212248FCF7C6FED0B90A2001F0B8FE69
:1047B00004211E48FCF7BEFE90BB1D48007803286C
:1047C00032D003201A49087000BF04211748FCF7B3
:1047D000B1FE0028F9D00020154908700320BDE77C
:1047E00008211248FCF7A6FED8B90A2001F098FE6D
:1047F00008210E48FCF79EFE90B90D480078042869
:1048000012D004200A49087000BF08210748FCF7AD
:1048100091FE0028F9D000200549087004209DE78A
:1048200002E0002002490870002097E700080140DC
:104830004900002010B540F225511D4800F078F9DC
:1048400010B31B4800F030FAC4B21A48008800F4D4
:104850000040C8B91748008800F4804060B10A2CB5
:1048600003D000201349088020E01248008840F45B
:1048700000401049088019E00D2C06D10D48008831
:1048800040F480400B49088010E00A480088C0F3DB
:104890000D0009490C5407480088401C0549088050
:1048A00008460088C72801DD0020088010BD0000F0
:1048B00000380140380000208800002010B54FF477
:1048C00058713C4800F034F938B14FF45871394808
:1048D00000F006F9374800F0E7F940F22551354875
:1048E00000F026F900283ED0324800F0DDF9C4B2CD
:1048F00031480088C0F30E0040F2FF3188421DDAD3
:1049000000214FF08040FFF7B2FE2B480088C0F333
:104910000E0018B901218807FFF783FE264800889A
:10492000C0F30E0025490C5423480088401C22493E
:10493000098860F30E012048018014E01E480088B9
:104940006FF30E001C49088008460088C0F30E0073
:104950001A490C5418480088401C1749098860F30C
:104960000E011548018040F22771124800F0E0F86E
:10497000F0B11348008813490988884212D01248C0
:10498000104A1288815C0B4800F093F90D490988A0
:10499000481CC11700EB5161C911A0EBC111094AB4
:1049A000118005E0002240F22771024800F0EAF889
:1049B00010BD0000004400404000002050010020D5
:1049C00042000020440000205005002010B540F2B5
:1049D0002551164800F0ACF8C8B1144800F064F94D
:1049E000C4B213480088C0F30D0040280ADA10480A
:1049F0000088C0F30D000F490C540D480088401C7E
:104A00000B49088040F22551084800F069F84FF43E
:104A10005871064800F08CF838B14FF458710348CB
:104A200000F05EF8014800F03FF910BD004800407A
:104A300050000020D005002010B586B004460121AA
:104A40000820FDF79FFD01218804FDF78BFD4FF441
:104A50000060ADF8140004208DF8170005A91E4869
:104A6000FCF794FC4FF48060ADF8140003208DF83F
:104A7000160018208DF8170005A91748FCF786FCCA
:104A800001940020ADF80800ADF80A00ADF80C0064
:104A9000ADF810000C20ADF80E0001A90F4800F091
:104AA00097F8012240F225510C4800F06BF80121E3
:104AB0000A4800F024F827208DF8000002208DF825
:104AC00001008DF8020001208DF803006846FCF714
:104AD000E7FD06B010BD0000000C0140004800409A
:104AE00010B50022002340F66A14A14200D100BF95
:104AF0000A1201249440A3B2DC43048010BD21B10A
:104B0000828942F40052828104E082894DF6FF736B
:104B10001A408281704702460020B1F5007F00D123
:104B200000BF13880B400BB1012000E0002070474C
:104B300070B50246002400230025002040F66A16C6
:104B4000B14200D100BFC1F3421501F01F0301269D
:104B500006FA03F3012D02D19689334006E0022DB7
:104B600002D1168A334001E0968A33400C120126A6
:104B700006FA04F41688344013B10CB1012000E0A9
:104B8000002070BDF0B5034600240026002500205B
:104B900040F66A17B94200D100BF1846C1F342146B
:104BA00001F01F06012707FA06F5012C01D10C3090
:104BB00004E0022C01D1103000E014301AB1076873
:104BC0002F43076002E00768AF430760F0BD0000B5
:104BD0002DE9F04786B005460E460024A24600BFE8
:104BE000A1460027B08900B100BF2F462C8A4CF6A1
:104BF000FF700440F08804432C82AC894EF6F31019
:104C00000440B08831890843718908430443AC816A
:104C1000AC8A4FF6FF400440B0890443AC8201A83F
:104C2000FDF7C0FC1F48874202D1DDF810A001E06B
:104C3000DDF80CA0A88900F4004040B10AEBCA00DE
:104C400000EB0A1031684900B0FBF1F807E00AEB0D
:104C5000CA0000EB0A1031688900B0FBF1F864204B
:104C6000B8FBF0F004012009642101FB1089A88938
:104C700000F4004040B1322000EBC900B0FBF1F07D
:104C800000F00700044308E0322000EB0910642123
:104C9000B0FBF1F000F00F0004432C8106B0BDE83A
:104CA000F08700000038014001468888C0F3080002
:104CB0007047C1F308028280704700BFFEE7000022
:104CC0000FB4054B10B503A9044A029800F01AF975
:104CD00010BC5DF814FB0000E567000834000020FC
:104CE0000FB4084B10B504A902AA039800F00AF902
:104CF000044602A9002000F093FC204610BC5DF899
:104D000014FB0000215600087CB50C001D46164619
:104D1000014601D0601E00E00020CDE90010064BE6
:104D20006A462946304600F0EDF8002C02D0009A81
:104D3000002111707CBD00000B56000837B51446E9
:104D40000846064B6A46214600F0DCF804466946F0
:104D5000002000F065FC20463EBD00002156000802
:104D600002E008C8121F08C1002AFAD17047704734
:104D7000002001E001C1121F002AFBD17047000092
:104D80002DE9FF5F82B00021DDE90430020DDDF87E
:104D900040B0034318D044F61050A2F2FF32424311
:104DA0001514119801281FD0A5EB0B00401C5FEAD9
:104DB000000A4FF000064E4FDFF83891B0465046DB
:104DC00015D5CAF1000413E0119801244AA3012863
:104DD00001D16FEA0B010298119AC0E90031C0E9D4
:104DE000024206B0BDE8F09FCBF10000DFE70446C9
:104DF0000021404A491842EB0450CDE9001012E06E
:104E0000E00707D032463B4640464946FBF7A8FD3F
:104E10008046894632463B4610461946FBF7A0FDC0
:104E200006460F466410002CEAD1DDE90401DDE9F5
:104E30000023BAF1000F06DAFBF792FD42464B461B
:104E4000FBF78EFD05E0FBF782FB42464B46FBF786
:104E50007EFB04460E460022284BFBF721FC03D8BC
:104E60004FF0FF30014607E00022254B2046314637
:104E7000FBF7C6FAFBF7E6FD102409E0002C0ADB7D
:104E80000A220023FBF744FC039B30321A55641EB0
:104E900050EA0102F2D1641C039AC4F111031444D4
:104EA000119A012A03D0012208430DD10AE00843D8
:104EB00004D000204FF0110B119072E7A3EB0B050B
:104EC0006D1E0DE05B4504DD4FF0000205F10105AC
:104ED00004E003DA4FF00002A5F10105002AECD04E
:104EE00002981199C0E90231C0E9004579E7000054
:104EF000000014400000F03F300000000000F043CC
:104F00000000E03F2DE9FF4F95B09A4688460646DF
:104F10000025EEE1252877D100242746F94A012112
:104F2000039400E0044316F8013F203B01FA03F02C
:104F30001042F7D130782A2811D06FF02F03307843
:104F4000A0F13002092A16D8039A44F0020402EBB9
:104F5000820203EB42021044761C0390EFE758F8FC
:104F6000042B0392002A03DA504244F400540390C5
:104F700044F00204761C30782E2816D116F8010F62
:104F800044F004042A280DD06FF02F023078A0F1ED
:104F90003003092B09D807EB870302EB4303C7183B
:104FA000761CF3E758F8047B761C30786C280FD019
:104FB00006DC4C2817D068280DD06A2814D104E0EC
:104FC000742810D07A280FD10DE044F400140AE0C0
:104FD00044F4801401E044F440147278824202D117
:104FE00004F58014761C761C307866280BD013DC10
:104FF000582877D009DC002875D04528F6D04628F7
:10500000F4D047281AD193E118E0632835D06428FA
:1050100079D0652812D18BE1702873D008DC67281D
:10502000F1D069286FD06E280DD06F2806D1ACE082
:1050300073282CD0752874D0782853D052461799ED
:1050400090476D1C54E1C4F30250022809D0032894
:105050000DD0D8F8001004280DD00D6008F1040818
:1050600046E1D8F80010EA17C1E90052F6E7D8F88F
:1050700000100D80F2E70D70F0E718F8041B8DF8B2
:10508000001000208DF80100EB46012003E058F8E5
:1050900004BB4FF0FF3061074FF0000102D40DE078
:1050A00009F101018946B9420FDA8145F8DB1BF8A5
:1050B00009100029F4D108E009F101018946814273
:1050C000FADB1BF809100029F6D103985346A0EB30
:1050D000090721463846179A00F080FA284400EB69
:1050E000090507E044E008E10DE01BF8010B52461A
:1050F00017999047B9F10109F7D25346214638462E
:10510000179AF2E039E00A21C4F302524FF0000B83
:105110000091022A06D058F8040BC117032A09D0BF
:105120000AE023E008F1070020F00702F2E802019C
:10513000904605E000B2C117042A01D140B2C11760
:10514000002906DA0A460021404261EB02012D22C5
:1051500002E0220504D52B228DF80420012203E071
:10516000E20701D02022F7E7914657E00A2100E04C
:1051700010214FF0000B00910BE010214FF0000BBD
:1051800044F004040827009103E008204FF0000BCE
:105190000090C4F30252022A05D058F8040B0021F3
:1051A000032A08D008E008F1070020F00702F2E81F
:1051B0000201904603E080B2042A00D1C0B24FF051
:1051C000000922072AD53278702A07D0DDF800C0FE
:1051D0008CF0100C5CEA0B0C05D00EE040228DF830
:1051E0000420012208E050EA010306D030238DF8A4
:1051F00004308DF8052002229146009B83F00803BD
:1052000053EA0B030AD150EA010201D1620705D526
:1052100030228DF804204FF001097F1E3278582A81
:1052200004D039A20C920CAA02920BE03BA2F9E73F
:105230005B46009AFBF76CFA0C9B9B5C029A521E31
:105240000292137050EA0102F2D1029804A9081ADE
:1052500000F1200B600702D524F4803400E0012720
:105260005F4502DDA7EB0B0000E0002000EB0B0127
:10527000009003984944401A0390E00306D4534633
:105280002146179A039800F0A9F90544002706E083
:1052900001A85246C05D179990476D1C7F1C4F4571
:1052A000F6DBE0030CD553462146179A039800F02D
:1052B00095F9054404E030205246179990476D1C3B
:1052C0000099481E00900029F5DC08E00298029938
:1052D00052460078491C0291179990476D1CBBF10A
:1052E0000001ABF1010BF1DC5BE100F065F9054475
:1052F000761C307800287FF40DAE19B02846BDE842
:10530000F08F000009280100303132333435363750
:105310003839616263646566000000003031323301
:1053200034353637383941424344454600000000A1
:10533000600700D4062708F1070020F00700F0E816
:105340000223804603F0004C5FEA0C0001D097A0D6
:1053500009E0200501D596A005E0E00701D095A061
:1053600001E0AFF24C001390307823F00043652841
:105370000CD006DC452809D046281DD047287FD10F
:105380003BE0662818D067287AD136E00021112F3B
:1053900001DB112000E0781CCDE9000104A90CA874
:1053A000FFF7EEFCDDE90D010C9A4FF0000B07F161
:1053B0000109109200914EE04FF000400097CDE9B6
:1053C000011004A90CA8FFF7DBFCDDE90D020C9B22
:1053D0000F994FF0000B91461093009211B9791C70
:1053E00000EB0109B7EB090003D4C0F1FF3B07F163
:1053F0000109A9EB0700019042E0012F00DA012723
:105400000021112F01DD112000E03846CDE9000117
:1054100004A90CA8FFF7B4FCDDE90D010C9A00917A
:105420004FF0000BB946109221070FD4009A4A455D
:1054300003DA914601E0A9F10109B9F1010F05DD97
:10544000109AA9F10101515C3029F4D0B84202DA76
:1054500010F1040F03DA0121CDE9011010E000285A
:1054600003DC8344A9EB000102E0411C494500DD57
:105470008946A0EB0B00401C01904FF000400290C9
:10548000200705D40198484502DB4FF0FF3001901A
:1054900000208DF84B0002980DF14B07B0F1004F42
:1054A00025D002200C902B200D90029800280CDAB9
:1054B000404202902D200D9007E00A210298FBF750
:1054C00011F93031029007F8011D0C99481E0C901B
:1054D0000029F2DC02980028EFD1791E0D9808709F
:1054E000307800F0200040F0450007F8020D11A8C8
:1054F000C01BC01D02901398007800B1012000EB82
:105500000901019801EBE071029801440398401AE7
:10551000401E0390E00306D453462146179A039891
:1055200000F05CF805441398007818B152461799BA
:1055300090476D1CE00323D553462146179A0398E4
:1055400000F04CF805441BE0BBF1000F07DB0098AE
:10555000584504DD1098179910F80B0001E01799D1
:1055600030205246904701980BF1010B401E05F187
:105570000105019004D12E205246179990476D1CC9
:10558000B9F10001A9F10109DEDC05E017F8010B12
:105590005246179990476D1C0299481E02900029A7
:1055A000F4DC53462146179A03989EE62D0000002E
:1055B0002B000000200000002DE9F04104460025EA
:1055C0001E461746880404D405E039462020B0471B
:1055D0006D1C641EF9D52846BDE8F0812DE9F04127
:1055E000044600251E469046C80301D5302700E03A
:1055F0002027880404D505E041463846B0476D1C95
:10560000641EF9D52846BDE8F0814A68002A06D014
:105610000A68531C0B6010704868401E4860704751
:105620000A68531C0B601070704700002DE9F041B0
:1056300090B004460D4600262A46214643A0FFF7B7
:105640003FFB4FF4FA7000F06BFF00F04BFF64205B
:1056500000F066FF4FF4FA6242A143A000F07EFA28
:105660004FF4FA7000F05CFF4FF4FA623DA141A0E4
:1056700000F074FA8046B8F1000F16D040A0FFF792
:105680001FFB4FF47A7000F04BFF4FF4FA6235A124
:1056900035A000F063FA4FF4FA7000F041FF4FF4C8
:1056A000FA6230A133A000F059FA2B4622463FA1FE
:1056B0006846FFF715FB00F015FF694642A000F0B1
:1056C000A5FE4FF4FA573AE000F0F6FE0646002E2B
:1056D00031D03FA13046FAF757FD20B921A130461D
:1056E000FAF752FD30B13CA0FFF7EAFA002010B003
:1056F000BDE8F0813EA13046FAF746FD48B93EA12B
:105700003046FAF741FD20B93DA13046FAF73CFD9D
:1057100028B131463CA0FFF7D3FA0120E7E741A1C9
:105720003046FAF731FD20B143A0FFF7C9FA002057
:10573000DDE700F0D7FE7F1E012000F0F1FE002F14
:10574000C2D142A0FFF7BCFA0220D0E70D0A5B5499
:1057500043505D20E8BF9EE68EA52025733A257351
:105760000D0A00004F4B000041542B434950434C5D
:105770004F53450041542B4349504D55583D30003F
:105780005B5443505D20E58D95E8BF9EE68EA5E60F
:10579000A8A1E5BC8FE5A4B1E8B4A5EFBC8CE7AD4A
:1057A00089E5BE852E2E2E0D0A00000041542B43A4
:1057B000495053544152543D22544350222C2225E7
:1057C00073222C257300000025730D0A00000000D1
:1057D000434F4E4E454354005B5443505D20E8BF59
:1057E0009EE68EA5E68890E58A9F0D0A00000000DF
:1057F0004552524F520000004641494C0000000003
:1058000062757379000000005B5443505D20E8BF6F
:105810009EE68EA5E5A4B1E8B4A53A2025730D0A4D
:1058200000000000414C524541445920434F4E4E28
:1058300045435445440000005B5443505D20E5B7A8
:10584000B2E8BF9EE68EA50D0A0000005B544350EF
:105850005D20E8BF9EE68EA5E8B685E697B60D0A00
:10586000000000002DE9F0410024032755E0611CF1
:105870002EA0FFF725FA3AA0FFF722FA4FF47A722A
:105880003FA142A000F06AF9064656B1314643A056
:10589000FFF716FA4FF47A7000F042FE601CC4B2B3
:1058A0003BE04CA0FFF70CFA52A0FFF709FA4FF4C7
:1058B0007A725AA15AA000F051F9064656B1314603
:1058C0005BA0FFF7FDF94FF47A7000F029FE601C31
:1058D000C4B222E063A0FFF7F3F94FF4FA7000F0CE
:1058E0001FFE6AA0FFF7ECF94FF47A7270A171A065
:1058F00000F034F9054655B1294671A0FFF7E0F9EB
:105900004FF47A7000F00CFE601CC4B205E078A081
:10591000FFF7D6F90020BDE8F081032CA7DB0321B7
:1059200081A0FFF7CDF90120F5E700005B44454277
:1059300055475D20E5B09DE8AF95E8BF9BE585A59F
:10594000E9808FE4BCA0E6A8A1E5BC8F2028E7ACE5
:10595000AC2564E6ACA1292E2E2E0D0A0000000015
:105960005B44454255475D20E6A380E69FA5E8BF1E
:105970009EE68EA5E78AB6E680812E2E2E0D0A00C1
:105980005354415455533A330000000041542B43C3
:105990004950535441545553000000005B57415245
:1059A0004E494E475D20E8BF9EE68EA5E78AB6E6E3
:1059B0008081E6A380E69FA5E5A4B1E8B4A5EFBC8D
:1059C0008CE99499E8AFAFE7A0813A2025640D0AED
:1059D000000000005B535543434553535D20E8BF2F
:1059E0009EE68EA5E78AB6E68081E6ADA3E5B8B867
:1059F0000D0A00005B44454255475D20E58F91E963
:105A0000808141542B4349504D4F44453D31E68CF4
:105A100087E4BBA42E2E2E0D0A0000004F4B000081
:105A200041542B4349504D4F44453D310000000047
:105A30005B4552524F525D2041542B4349504D4FCC
:105A400044453D31E68C87E4BBA4E5A4B1E8B4A5A8
:105A50002120E99499E8AFAFE7A0813A2025640DB1
:105A60000A0000005B535543434553535D204154A6
:105A70002B4349504D4F44453D31E68C87E4BBA450
:105A8000E68890E58A9F0D0A000000005B444542CD
:105A900055475D20E58F91E9808141542B43495062
:105AA00053454E44E68C87E4BBA42E2E2E0D0A00EF
:105AB0003E00000041542B43495053454E440000E2
:105AC0005B4552524F525D2041542B434950534540
:105AD0004E44E68C87E4BBA4E5A4B1E8B4A521203C
:105AE000E99499E8AFAFE7A0813A2025640D0A0058
:105AF0005B535543434553535D2041542B43495019
:105B000053454E44E68C87E4BBA4E68890E58A9F23
:105B1000EFBC8CE8BF9BE585A5E9808FE4BCA0E6DF
:105B2000A8A1E5BC8F0D0A005B4552524F525D2083
:105B3000E8BF9BE585A5E9808FE4BCA0E6A8A1E5C8
:105B4000BC8FE5A4B1E8B4A5EFBC8CE5B7B2E9879A
:105B50008DE8AF952564E6ACA10D0A002DE9F04172
:105B600005460E461446002700F0BCFC29460FA04F
:105B700000F04CFC06B114B90020BDE8F08110E043
:105B800000F09AFC074647B131463846FAF7FCFA6E
:105B900008B10020F1E700F0A5FC641E012000F030
:105BA000BFFC002CECD10220E7E7000025730D0AB2
:105BB0000000000010B58AB0044647A0FFF780F847
:105BC00052A0FFF77DF821465AA0FFF779F861A0AF
:105BD000FFF776F867A0FFF773F86EA0FFF770F88D
:105BE00001210520FCF7CEFC01217348FCF7BAFC2B
:105BF00072A0FFF765F87CA0FFF762F885A0FFF7B9
:105C00005FF88FA0FFF75CF898A0FFF759F8042021
:105C1000ADF8240018208DF8270003208DF8260009
:105C200009A99B48FBF7B2FB9AA0FFF749F80820A7
:105C3000ADF8240004208DF8270009A99448FBF74B
:105C4000A5FBA4A0FFF73CF8AEA0FFF739F8049439
:105C50000020ADF81400ADF81600ADF81800ADF84E
:105C60001C000C20ADF81A0004A9B148FEF7B0FFE3
:105C70002146B0A0FFF724F8B7A0FFF721F8BFA096
:105C8000FFF71EF8C6A0FFF71BF8CEA0FFF718F825
:105C9000D5A0FFF715F8DEA0FFF712F826208DF843
:105CA000200001208DF821008DF822008DF82300BE
:105CB00008A8FBF7F5FCDFA0FFF702F8E8A0FEF765
:105CC000FFFFF6A0FEF7FCFFFEA0FEF7F9FF0122A2
:105CD00040F2255108E200005B53657269616C2057
:105CE000496E69745D20E5BC80E5A78BE5889DE57C
:105CF000A78BE58C9657694669E6A8A1E59D97E4D0
:105D0000B8B2E58FA32E2E2E0D0A00005B536572EC
:105D100069616C20496E69745D20E79BAEE6A087DF
:105D2000E4B8B2E58FA33A205553415254320D0ADC
:105D3000000000005B53657269616C20496E6974F4
:105D40005D20E6B3A2E789B9E78E873A20256C7516
:105D50000D0A00005B53657269616C20496E6974BD
:105D60005D205458E5BC95E8849A3A205041320DA4
:105D70000A0000005B53657269616C20496E6974AA
:105D80005D205258E5BC95E8849A3A205041330D85
:105D90000A0000005B53657269616C20496E69748A
:105DA0005D20312E20E9858DE7BDAEE697B6E992FC
:105DB0009F2E2E2E0D0A0000010002005B5365721B
:105DC00069616C20496E69745D20202D204750491F
:105DD0004F41E697B6E9929F3A20E5B7B2E590AF1A
:105DE000E794A80D0A0000005B53657269616C209E
:105DF000496E69745D20202D204146494FE697B6D3
:105E0000E9929F3A20E5B7B2E590AFE794A80D0A72
:105E1000000000005B53657269616C20496E697413
:105E20005D20202D20555341525432E697B6E99219
:105E30009F3A20E5B7B2E590AFE794A80D0A0000BD
:105E40005B53657269616C20496E69745D20202D19
:105E50002054494D32E697B6E9929F3A20E5B7B211
:105E6000E590AFE794A80D0A000000005B5365724F
:105E700069616C20496E69745D20322E20E9858D40
:105E8000E7BDAEE5BC95E8849A2E2E2E0D0A0000E3
:105E9000000801405B53657269616C20496E69744A
:105EA0005D20202D205458E5BC95E8849A28504167
:105EB00032293A20E5A48DE794A8E68EA8E68CBDA9
:105EC000E8BE93E587BAEFBC8C35304D487A0D0AB1
:105ED000000000005B53657269616C20496E697453
:105EE0005D20202D205258E5BC95E8849A28504129
:105EF00033293A20E6B5AEE7A9BAE8BE93E585A511
:105F00000D0A00005B53657269616C20496E69740B
:105F10005D20332E20E9858DE7BDAEE4B8B2E58F74
:105F2000A3E58F82E695B02E2E2E0D0A000000000C
:105F3000004400405B53657269616C20496E69746E
:105F40005D20202D20E6B3A2E789B9E78E873A20AD
:105F5000256C750D0A0000005B53657269616C2049
:105F6000496E69745D20202D20E695B0E68DAEE483
:105F7000BD8D3A2038E4BD8D0D0A00005B5365727B
:105F800069616C20496E69745D20202D20E5819C3B
:105F9000E6ADA2E4BD8D3A2031E4BD8D0D0A0000CE
:105FA0005B53657269616C20496E69745D20202DB8
:105FB00020E6A0A1E9AA8CE4BD8D3A20E697A00DC9
:105FC0000A0000005B53657269616C20496E697458
:105FD0005D20202D20E6B581E68EA7E588B63A2023
:105FE000E697A00D0A0000005B53657269616C20A2
:105FF000496E69745D20202D20E6A8A1E5BC8F3A8A
:1060000020E694B6E58F91E6A8A1E5BC8F0D0A00C5
:106010005B53657269616C20496E69745D20342E32
:1060200020E9858DE7BDAEE4B8ADE696AD2E2E2E07
:106030000D0A00005B53657269616C20496E6974DA
:106040005D20202D20555341525432E4B8ADE696E0
:10605000AD3A20E5B7B2E590AFE794A80D0A00008D
:106060005B53657269616C20496E69745D20202DF7
:1060700020E4B8ADE696ADE5A484E79086E587BD5B
:10608000E695B03A205553415254325F4952514837
:10609000616E646C65720D0A000000005B536572EE
:1060A00069616C20496E69745D20202D20E68AA20A
:1060B000E58DA0E4BC98E58588E7BAA73A20310DC4
:1060C0000A0000005B53657269616C20496E697457
:1060D0005D20202D20E5AD90E4BC98E58588E7BAE9
:1060E000A73A20310D0A00003348FEF74BFD33A0DC
:1060F000FEF7E6FD01213048FEF701FD3CA0FEF76A
:10610000DFFD46A0FEF7DCFDEF20ADF808004EF6FF
:106110005F20ADF804000020ADF80A00ADF80600DD
:1061200001A94FF08040FEF7A5FA47A0FEF7C8FD91
:106130004EF65F214DA0FEF7C3FD55A0FEF7C0FD52
:106140005EA0FEF7BDFD1C208DF8200002208DF81A
:10615000210001208DF8220008A8FBF7A1FA0122F6
:1061600011469007FEF77AFA5EA0FEF7A9FD69A036
:10617000FEF7A6FDAFF2B400FEF7A2FD6F4800885F
:106180006FF30E006D4908800846008820F4004037
:10619000088000206A4908806A4908806AA0FEF7E2
:1061A0008FFD74A0FEF78CFD7EA0FEF789FD89A00F
:1061B000FEF786FD0AB010BD004400405B536572D7
:1061C00069616C20496E69745D20352E20E590AFC1
:1061D000E794A8E68EA5E694B6E4B8ADE696AD3AA7
:1061E00020E5B7B2E590AFE794A80D0A00000000E3
:1061F0005B53657269616C20496E69745D20362E4F
:1062000020E590AFE794A85553415254323A20E527
:10621000B7B2E590AFE794A80D0A00005B53657232
:1062200069616C20496E69745D20372E20E9858D87
:10623000E7BDAE54494D32E5AE9AE697B6E599A86A
:106240002E2E2E0D0A0000005B53657269616C20D2
:10625000496E69745D20202D20E5AE9AE697B6E57B
:1062600099A83A2054494D320D0A00005B536572DB
:1062700069616C20496E69745D20202D20E9A2843B
:10628000E58886E9A291E599A83A2025640D0A00DF
:106290005B53657269616C20496E69745D20202DC5
:1062A00020E887AAE58AA8E9878DE8A385E8BDBD2F
:1062B000E580BC3A203233390D0A00005B53657229
:1062C00069616C20496E69745D20202D20E8B685D7
:1062D000E697B6E697B6E997B43A203230306D7358
:1062E0000D0A00005B53657269616C20496E697428
:1062F0005D20382E20E9858DE7BDAE54494D32E44E
:10630000B8ADE696AD3A20E5B7B2E590AFE794A810
:106310000D0A00005B53657269616C20496E6974F7
:106320005D20202D20E68AA2E58DA0E4BC98E585BD
:1063300088E7BAA73A20320D0A000000400000208A
:1063400042000020440000205B53657269616C20AC
:10635000496E69745D20392E20E5889DE5A78BE59F
:106360008C96E7BC93E586B2E58CBA2E2E2E0D0AEC
:10637000000000005B53657269616C20496E6974AE
:106380005D20202D20E68EA5E694B6E7BC93E58639
:10639000B2E58CBA3A20E5B7B2E6B885E7A9BA0DFE
:1063A0000A0000005B53657269616C20496E697474
:1063B0005D20202D20E58F91E98081E7BC93E58663
:1063C000B2E58CBA3A20E5B7B2E6B885E7A9BA0DCE
:1063D0000A0000005B53657269616C20496E697444
:1063E0005D2057694669E6A8A1E59D97E4B8B2E546
:1063F0008FA3E5889DE5A78BE58C96E5AE8CE688B6
:1064000090EFBC810D0A0D0A000000000FB410B51A
:10641000ADF5027D85A881904FF4007101A8819BA4
:10642000849AFEF771FC84B200208190002C1CDD60
:1064300000BF12E001A9095C0E4A0F4B1B88D15422
:106440000D4A1288511CCA1701EB5262D211A1EBFE
:10645000C212094B1A80411C88B2A042EADB012219
:1064600040F227710548FEF78DFB0DF5027D10BC4B
:106470005DF814FB5005002042000020004400405D
:106480000FB410B5ADF5027D85A881904FF4007171
:1064900001A8819B849AFEF737FC84B2002081908A
:1064A000002C03DD214601A800F064FC0DF5027DFF
:1064B00010BC5DF814FB0000084800880121B1EB16
:1064C000D03F08D1002005490988C1F30E01044AD4
:1064D0005054104670470020FCE7000040000020A8
:1064E00050010020054800886FF30E000349088022
:1064F0000846008820F400400880704740000020D3
:1065000010B504466FF00400FEF729F82046E117A5
:1065100004EB5171C910014A116010BD2800002020
:106520000146134A12684A434FF47A735A434FF0B4
:10653000E0235A6100229A611A46126942F0010270
:106540001A6100BF4FF0E022106900F001021AB199
:1065500000F48032002AF5D04FF0E022126922F0D8
:1065600001024FF0E0231A6100229A617047000097
:10657000280000200146114A12684A434FF0E023E8
:106580005A6100229A611A46126942F001021A61A8
:1065900000BF4FF0E022106900F001021AB100F4D0
:1065A0008032002AF5D04FF0E022126922F0010279
:1065B0004FF0E0231A6100229A6170472800002002
:1065C0002DE9F04105460E46032709E000F0D8F812
:1065D000044604B906E04FF4FA70FFF7A1FF7F1EEE
:1065E000002FF3DC00BF002F03DC4FF0FF30BDE8CD
:1065F000F0810C21364800F083F8044614B16FF0A6
:106600000100F4E7062D28D2DFE805F003090F1595
:106610001B2110212F4800F073F804461EE00621CC
:106620002D4800F06DF8044618E011212B4800F0C9
:1066300067F8044612E01121294800F061F8044689
:106640000CE01121274800F05BF8044606E0042125
:10665000254800F055F8044600E000BF00BF14B123
:106660006FF00200C3E7052E22D2DFE806F003092F
:106670000F151B0001211D4800F042F8044618E0E8
:106680000E211B4800F03CF8044612E00F21194887
:1066900000F036F804460CE00E21174800F030F800
:1066A000044606E00E21154800F02AF8044600E0F2
:1066B00000BF00BF14B16FF0030098E700F07EF850
:1066C000044614B16FF0040091E700208FE700004A
:1066D00040740008D074000890750008D875000850
:1066E000A4760008707700083C7800086C780008F1
:1066F0007878000820790008D47900087C7A0008AE
:106700002DE9F04105460E460027002432E004EB57
:10671000440105EB81014868F9F754FD04EB44019D
:1067200005EB810189680844A0F1010804EB4401EC
:1067300055F8212004EB440105EB810148684146EE
:1067400000F0A0FA0746012F00D112E004EB44014B
:1067500055F8212004EB440105EB8101886807A16D
:1067600000F090FA0746002F02DA601CBDE8F081C5
:1067700000BF641CB442CADB0020F7E74F4B0000A7
:1067800010B505220AA10BA000F07CFA0446601C9B
:1067900008B9002010BD052207A105A000F072FA7B
:1067A0000446A01C10B94FF0FF30F3E70020F1E7DA
:1067B00061746B002B2B2B004F4B000010B5052292
:1067C00005A106A000F05EFA002801DB002010BD44
:1067D0004FF0FF30FBE700004F4B000041544F0DDE
:1067E0000A00000000BF054A128802F08002002A59
:1067F000F9D0C2B2014B1B1D1A807047003801400E
:1068000070B5002514A0FEF75BFA1BA20121084613
:10681000FBF71EFD1CA201210220FBF719FD002140
:106820000220FFF7CDFE04464CB91AA0FEF748FA45
:1068300021A201210220FBF70BFD012509E02146E1
:1068400020A0FEF73DFA2CA201210220FBF700FD5B
:106850000025284670BD00005B53797374656D5D3B
:1068600020E5889DE5A78BE58C963447E6A8A1E551
:106870009D972E2E2E0D0A00202053797374656D7E
:1068800020496E697400000020203447204D6F6459
:10689000756C65005B53797374656D5D203447E6F4
:1068A000A8A1E59D97E5889DE5A78BE58C96E688F0
:1068B00090E58A9F0D0A00002020496E69743A20F5
:1068C0004F4B00005B53797374656D5D203447E670
:1068D000A8A1E59D97E5889DE5A78BE58C96E5A4A5
:1068E000B1E8B4A5EFBC8CE99499E8AFAFE7A0811B
:1068F0003A2025640D0A00002020496E69743A2070
:106900004661696C656400008AB04820FFF7F8FDB5
:106910004FF4E13000F04CFAFAF730FEFBF7F6FBEB
:10692000FBF7D6FEFAF74EFBFAF75EFEFBF7F2FE38
:106930004FF4E130FFF73EF967A0FEF7C1F971A00F
:10694000FEF7BEF9FBF7BAFC0120FBF7A3FD00211F
:106950000846FBF7BBFD01210320FBF7B7FD012132
:106960000220FBF7B3FDFCF781FCFBF783F8FAF795
:10697000BAFF6EA201210846FBF76AFC6FA2032151
:106980000120FBF765FCFFF73BFF002836D06FA224
:1069900003210120FBF75CFC70A205210120FBF71D
:1069A00057FC7148FEF78CF94FF4FA70FFF7B8FD09
:1069B0006EA0FEF785F978A201210320FBF748FCC1
:1069C0004FF4FA70FFF7ACFDFAF78DFF75A20121C5
:1069D0000846FBF73DFC77A201210220FBF738FCBB
:1069E0006DA201210320FBF733FC75A201210420D5
:1069F000FBF72EFC01207549087007E074A2032103
:106A00000120FBF725FC00207049087063E0744802
:106A10000068401C72490860FDF77EFE0546012DA6
:106A200002D1FAF7C5FF02E0032D00D000BFFBF74B
:106A3000CBFA6B4800684FF4FA71B0FBF1F201FB3E
:106A4000120020B96148007808B1FDF77FFA644868
:106A500000684FF4FA71B0FBF1F201FB120000285C
:106A60002DD15A480078002829D05EA0FEF728F9D9
:106A700000200990059006900790089005AA09A9A2
:106A800062A0FBF7BDFE0646012E04D105AA61A057
:106A90000999FEF715F900200490009001900290EA
:106AA00003906A4604A968A0FBF7AAFE0446012CDD
:106AB00004D16A4666A00499FEF702F900BF434874
:106AC000007820B10520FCF7DFFCFCF775FE012003
:106AD000FFF726FD00BF9AE75B53797374656D5D20
:106AE000203447E6A8A1E59D97E4B8B2E58FA3E579
:106AF000889DE5A78BE58C96E68890E58A9F0D0A30
:106B0000000000005B53797374656D5D203447E6C7
:106B1000A8A1E59D97E4B8B2E58FA3E9858DE7BD0F
:106B2000AEE5AE8CE688900D0A0000002020537977
:106B30007374656D20496E6974000000202034472D
:106B400020496E69742E2E2E00000000202034474C
:106B500020496E6974204F4B000000002020436FD5
:106B60006E6E656374656400149200085B537973FC
:106B700074656D5D203447E6A8A1E59D97E5B7B241
:106B8000E9858DE7BDAEE4B8BA4D515454E6A8A1ED
:106B9000E5BC8F0D0A00000020204D5154543A20CE
:106BA0004F4B0000202052756E6E696E672E2E2EA0
:106BB00000000000202034473A204F4B0000000026
:106BC00020204B656570416C69766500740000207B
:106BD0002020344720496E6974204661696C0000AA
:106BE000700000205B4D61696E5D20E5AE9AE69C09
:106BF0009FE69FA5E8AFA2E5BE85E689A7E8A18C40
:106C0000E68C87E4BBA42E2E2E0D0A0057502D30A3
:106C1000303100005B4D61696E5D20E9A38EE6892D
:106C200087E68C87E4BBA4E5B7B2E689A7E8A18C28
:106C30003A2049443D25642C20E68C87E4BBA43DE2
:106C400025730D0A0000000057502D30303200002F
:106C50005B4D61696E5D20E6B0B4E6B3B5E68C8746
:106C6000E4BBA4E5B7B2E689A7E8A18C3A20494481
:106C70003D25642C20E68C87E4BBA43D25730D0ADA
:106C8000000000002DE9F04106460F4614464FF083
:106C900000084FF400711C48F9F75FFAFFF722FC77
:106CA0003046F9F78FFA05462946304600F034F8A9
:106CB00029E0FFF701FC05462DB129461248F9F7F6
:106CC00057FAFFF70FFC39460F48F9F75DFA10B194
:106CD0000120BDE8F0810DA10B48F9F755FA08B184
:106CE0000020F6E70AA10848F9F74EFA10B14FF074
:106CF000FF30EEE7641E14B96FF00100E9E764208D
:106D0000FFF70EFC00BFD4E71E2600204F4B00000B
:106D10004552524F5200000070B505460C46A1B2D4
:106D2000284600F001F870BD70B505460C460020FD
:106D300011E0295C0C4A0D4B1B88D1540B4A128878
:106D4000511CCA1701EB5262D211A1EBC212074BC0
:106D50001A80411C88B2A042EBDB012240F227716D
:106D60000348FDF70FFF70BD5005002042000020D2
:106D70000044004070B505460E4600240CE000BFFC
:106D800080210A48FDF7C7FE0028F9D0295D074891
:106D9000FDF78FFF601C84B2B442F0DB00BF4021DE
:106DA0000248FDF7B8FE0028F9D070BD004400404D
:106DB00010B5044601210420FBF7E4FB0121042067
:106DC000FBF7E0FB01218803FBF7DCFB4FF40070CD
:106DD0001A4908801820C870032088701848FAF7EC
:106DE000D5FA4FF48060154908802820C8701448EF
:106DF000FAF7CCFA13480460002012498880C88052
:106E0000088188810C2048810F48FDF7E1FE0121AF
:106E10000D48FDF774FE25200C49087003204870CA
:106E200088700120C8700846FAF73AFC012240F247
:106E300025510548FDF7A6FE10BD00002C000020DE
:106E40000008014078000020003801403000002098
:106E50000000000000000000000000000000000032
:106E6000000000F8000000000000003330000000C7
:106E700000100C06100C06000000000000000000CE
:106E800040C07840C0784000043F04043F04040040
:106E9000007088FC08300000001820FF211E000050
:106EA000F008F000E018000000211C031E211E0065
:106EB00000F00888700000001E21232419272110EB
:106EC00010160E000000000000000000000000008E
:106ED000000000E018040200000000071820400035
:106EE00000020418E0000000004020180700000025
:106EF000404080F0804040000202010F0102020089
:106F0000000000F0000000000101011F010101006C
:106F1000000000000000000080B0700000000000D1
:106F2000000000000000000000010101010101015A
:106F300000000000000000000030300000000000F1
:106F400000000000806018040060180601000000C6
:106F500000E010080810E000000F102020100F00C3
:106F6000001010F8000000000020203F202000004A
:106F700000700808088870000030282422213000A2
:106F800000300888884830000018202020110E00AA
:106F90000000C02010F8000000070424243F240053
:106FA00000F80888880808000019212020110E0028
:106FB00000E0108888180000000F112020110E003A
:106FC00000380808C83808000000003F0000000032
:106FD0000070880808887000001C222121221C00F3
:106FE00000E010080810E0000000312222110F001C
:106FF000000000C0C00000000000003030000000B1
:107000000000008000000000000080600000000020
:107010000000804020100800000102040810200039
:107020004040404040404000040404040404040084
:107030000008102040800000002010080402010019
:10704000007048080808F000000000303601000019
:10705000C030C828E810E0000718272423140B00CC
:107060000000C038E0000000203C23020227382046
:1070700008F8888888700000203F202020110E002A
:10708000C030080808083800071820202010080021
:1070900008F808080810E000203F202020100F000A
:1070A00008F88888E8081000203F202023201800D6
:1070B00008F88888E8081000203F2000030000003E
:1070C000C03008080838000007182020221E0200DF
:1070D00008F808000008F808203F210101213F209E
:1070E000000808F8080800000020203F20200000C9
:1070F00000000808F8080800C08080807F000000B9
:1071000008F888C028180800203F200126382000F1
:1071100008F8080000000000203F20202020300058
:1071200008F8F800F8F80800203F003F003F200072
:1071300008F830C00008F808203F200007183F007A
:10714000E01008080810E0000F10202020100F00A9
:1071500008F808080808F000203F2101010100009C
:10716000E01008080810E0000F18242438504F00E1
:1071700008F8888888887000203F2000030C3020A1
:1071800000708808080838000038202121221C00DF
:10719000180808F8080818000000203F2000000028
:1071A00008F808000008F808001F202020201F0011
:1071B0000878880000C83808000007380E01000071
:1071C000F80800F80008F800033C0700073C03003B
:1071D000081868808068180820302C03032C3020A1
:1071E0000838C800C83808000000203F2000000010
:1071F00010080808C8380800203826212020180068
:10720000000000FE020202000000007F404040003B
:10721000000C30C000000000000000010638C00073
:1072200000020202FE000000004040407F0000001B
:107230000000040202020400000000000000000040
:10724000000000000000000080808080808080803E
:107250000002020400000000000000000000000026
:1072600000008080808000000019242222223F201C
:1072700008F8008080000000003F112020110E005F
:107280000000008080800000000E112020201100EE
:10729000000000808088F800000E112020103F20A0
:1072A0000000808080800000001F22222222130024
:1072B000008080F0888888180020203F202000006F
:1072C0000000808080808000006B94949493600024
:1072D00008F8008080800000203F210000203F202F
:1072E00000809898000000000020203F202000002F
:1072F000000000809898000000C08080807F00001F
:1073000008F8000080808000203F24022D302000FB
:10731000000808F8000000000020203F20200000A6
:107320008080808080808000203F20003F20003FC0
:107330008080008080800000203F210000203F20CE
:107340000000808080800000001F202020201F007F
:10735000808000808000000080FFA12020110E00AE
:107360000000008080808000000E112020A0FF809F
:10737000808080008080800020203F21200001004C
:1073800000008080808080000033242424241900A1
:10739000008080E0808000000000001F20200000AE
:1073A0008080000000808000001F202020103F20EF
:1073B000808080000080808000010E30080601007F
:1073C00080800080008080800F300C030C300F0024
:1073D00000808000808080000020312E0E3120004F
:1073E000808080000080808080818E70180601007F
:1073F00000808080808080000021302C222130009D
:1074000000000000807C020200000000003F4040BD
:1074100000000000FF00000000000000FF0000006E
:107420000002027C800000000040403F000000009D
:107430000006010102020404000000000000000038
:107440000500000078910008388800080500000059
:10745000609100087C84000805000000F09100089D
:10746000408900080500000004910008C088000859
:1074700005000000F8900008B08900080500000031
:10748000D8900008A489000805000000909000082A
:10749000807C0008050000006C910008DC8A000870
:1074A00005000000E09000082889000805000000A1
:1074B000788F00089C83000805000000A08F00085A
:1074C0005484000805000000CC9000089089000852
:1074D000050000002C8F00088C8A000805000000C1
:1074E000109000086C89000805000000648C0008FA
:1074F000C885000805000000A88E0008EC88000878
:1075000005000000848F0008A08500080500000029
:1075100020900008708800080500000030900008E6
:107520008488000805000000409000089888000842
:107530000500000084910008FC8900080500000097
:107540005C90000880890008050000001C9100087C
:107550004885000805000000B08F00086884000816
:107560000500000050900008AC88000805000000ED
:10757000109100087485000805000000B88E00080E
:107580005889000805000000C09000080089000824
:10759000050000002C8F00083C8A00080500000050
:1075A000D08E0008788A000805000000688F000867
:1075B0007486000805000000948F0008F883000816
:1075C000050000009C8E0008248B000805000000C8
:1075D00028910008D4880008050000002C8F0008BE
:1075E000C88A000805000000908E0008608B000823
:1075F000050000009C900008788B00080500000042
:10760000E4910008F48A000805000000B490000826
:107610002485000805000000348C0008407F000825
:1076200005000000C08C0008A47F000805000000D1
:10763000408D00080880000805000000C08D00088B
:107640006C80000805000000048C0008E07C000845
:1076500005000000908C0008507D00080500000027
:10766000108D0008C07D000805000000908D000806
:10767000307E00080500000050910008E8890008ED
:1076800005000000C4910008FC8600080500000009
:10769000588F0008C87E0008050000008090000890
:1076A000E0830008050000002C8F0008108A000805
:1076B00005000000208F0008A88B000805000000CE
:1076C000EC9000088C8B0008050000000490000876
:1076D0000C8B000805000000048F0008448B000894
:1076E00005000000248C0008207F00080500000031
:1076F000B08C0008847F000805000000308D000871
:10770000E87F000805000000B08D00084C800008EC
:1077100005000000F48B0008BC7C00080500000098
:10772000808C00082C7D000805000000008D0008FA
:107730009C7D000805000000808D00080C7E00087C
:107740000500000044910008D489000805000000ED
:10775000A4910008C886000805000000488F0008B2
:10776000907E00080500000074900008C88300089F
:10777000050000002C8F0008B48A000805000000F6
:10778000EC8E0008B485000805000000F88E0008A3
:107790009484000805000000FC910008AC840008F7
:1077A00005000000A8900008FC8400080500000007
:1077B000148C0008007F000805000000A08C000861
:1077C000647F000805000000208D0008C87F0008C5
:1077D00005000000A08D00082C80000805000000B6
:1077E000E48B0008987C000805000000708C0008FD
:1077F000087D000805000000F08C0008787D000876
:1078000005000000708D0008E87D000805000000FC
:1078100038910008C0890008050000009491000814
:10782000B086000805000000388F0008587E000868
:107830000500000068900008B08300080500000003
:107840002C8F0008248A000805000000108F000813
:10785000D084000805000000F88F00081486000896
:1078600005000000089200083886000805000000A6
:10787000C48E00085C88000805000000C48E000863
:10788000648A000805000000DC8E0008648300089C
:1078900005000000B4910008E08600080500000023
:1078A000448C00083C87000805000000D08C0008CC
:1078B0008487000805000000508D000860870008DC
:1078C00005000000D08D00081887000805000000A2
:1078D000F08D00081488000805000000108E0008D4
:1078E000CC87000805000000308E0008A88700083B
:1078F00005000000508E0008F08700080500000019
:10790000708E00085086000805000000C08B00083B
:10791000F085000805000000D08F00080C840008E6
:1079200005000000C48E0008508A00080500000011
:10793000DC8E00088083000805000000BC8F000872
:107940003C84000805000000D4910008E48400088D
:1079500005000000548C000890800008050000001D
:10796000E08C0008D880000805000000608D000849
:107970002081000805000000E08D000868810008F3
:1079800005000000008E0008B0810008050000001E
:10799000208E0008F881000805000000408E0008D5
:1079A0004082000805000000608E00088882000800
:1079B00005000000808E0008D0820008050000004D
:1079C000D08B00081883000805000000E48F000831
:1079D0002484000805000000C48E000814890008F3
:1079E00005000000DC8E000864830008050000002C
:1079F000BC8F00083C84000805000000548C00087F
:107A00009080000805000000E08C0008D880000885
:107A100005000000608D00082081000805000000BE
:107A2000E08D00086881000805000000008E000855
:107A3000B081000805000000208E0008F8810008D1
:107A400005000000408E000840820008050000008C
:107A5000608E00088882000805000000808E000803
:107A6000D082000805000000D08B000818830008B1
:107A700005000000E48F00082484000805000000D1
:107A8000C48E00089C8A000805000000DC8E0008F7
:107A90006483000805000000BC8F00083C840008D7
:107AA00005000000548C00089080000805000000CC
:107AB000E08C0008D880000805000000608D0008F8
:107AC0002081000805000000E08D000868810008A2
:107AD00005000000008E0008B081000805000000CD
:107AE000208E0008F881000805000000408E000884
:107AF0004082000805000000608E000888820008AF
:107B000005000000808E0008D082000805000000FB
:107B1000D08B00081883000805000000E48F0008DF
:107B200024840008004040404040404040404141E3
:107B30004141414040404040404040404040404042
:107B400040404040400502020202020202020202DC
:107B500002020202022020202020202020202002D9
:107B60000202020202029090909090901010101069
:107B70001010101010101010101010101010101005
:107B80000202020202028888888888880808080899
:107B90000808080808080808080808080808080865
:107BA0000202020240000000257B00085B5379734B
:107BB00074656D5D20E8A7A6E691B8E68C89E99426
:107BC000AE43E68C89E4B88BEFBC8CE68993E5BCC8
:107BD00080E7BBA7E794B5E599A832EFBC88E6B08B
:107BE000B4E6B3B5E4BE9BE794B5EFBC890D0A00DB
:107BF0005B53797374656D5D20E8A7A6E691B8E6DE
:107C00008C89E994AE44E68C89E4B88BEFBC8CE5B2
:107C100085B3E997ADE7BBA7E794B5E599A832EF3F
:107C2000BC88E5819CE6ADA2E6B0B4E6B3B5E4BE9F
:107C30009BE794B5EFBC890D0A0000000D0A5B5369
:107C40006572766572436F6D6D5D203D3D3D3D3DD6
:107C50003D3D3D3D3D20E689B9E9878FE4B88AE4A2
:107C6000BCA0E4BCA0E6849FE599A8E695B0E68DAB
:107C7000AE203D3D3D3D3D3D3D3D3D3D0D0A0000BD
:107C800041542B41504E3D224155544F222C22222B
:107C90002C22220D0A00000041542B4F4E45505516
:107CA00042313D2230222C2261746B2F707562317B
:107CB000222C2230222C2230220D0A0041542B414A
:107CC0004C49505542313D2231222C2261746B2F98
:107CD00070756231222C2230222C2230220D0A00B3
:107CE00041542B4D515454505542313D2231222C98
:107CF0002261746B2F70756231222C2230222C226B
:107D000030220D0A0000000041542B4F4E455055C3
:107D100042323D2230222C2261746B2F7075623208
:107D2000222C2230222C2230220D0A0041542B41D9
:107D30004C49505542323D2230222C2261746B2F27
:107D400070756232222C2230222C2230220D0A0041
:107D500041542B4D515454505542323D2230222C27
:107D60002261746B2F70756232222C2230222C22F9
:107D700030220D0A0000000041542B4F4E45505553
:107D800042333D2230222C2261746B2F7075623396
:107D9000222C2230222C2230220D0A0041542B4169
:107DA0004C49505542333D2230222C2261746B2FB6
:107DB00070756233222C2230222C2230220D0A00D0
:107DC00041542B4D515454505542333D2230222CB6
:107DD0002261746B2F70756233222C2230222C2288
:107DE00030220D0A0000000041542B4F4E455055E3
:107DF00042343D2230222C2261746B2F7075623424
:107E0000222C2230222C2230220D0A0041542B41F8
:107E10004C49505542343D2230222C2261746B2F44
:107E200070756234222C2230222C2230220D0A005E
:107E300041542B4D515454505542343D2230222C44
:107E40002261746B2F70756234222C2230222C2216
:107E500030220D0A0000000041542B4F4E45574977
:107E60004C4C3D2230222C226465766963652F6C70
:107E70006173745F77696C6C222C226F66666C6923
:107E80006E65222C2230222C2230220D0A000000A6
:107E900041542B414C4957494C4C3D2230222C2215
:107EA0006465766963652F6C6173745F77696C6C68
:107EB000222C226F66666C696E65222C2230222C81
:107EC0002230220D0A00000041542B4D51545457CA
:107ED000494C4C3D2230222C226465766963652F23
:107EE0006C6173745F77696C6C222C226F66666CB0
:107EF000696E65222C2230222C2230220D0A0000CD
:107F000041542B4F4E45535542313D2230222C22B5
:107F100061746B2F73756231222C2230220D0A009E
:107F200041542B414C49535542313D2231222C22A0
:107F300061746B2F73756231222C2230220D0A007E
:107F400041542B4D515454535542313D2231222C32
:107F50002261746B2F73756231222C2230220D0A3C
:107F60000000000041542B4F4E45535542323D22F4
:107F700030222C2261746B2F73756232222C2230D6
:107F8000220D0A0041542B414C49535542323D22A7
:107F900030222C2261746B2F73756232222C2230B6
:107FA000220D0A0041542B4D515454535542323D39
:107FB0002230222C2261746B2F73756232222C22A4
:107FC00030220D0A0000000041542B4F4E455355FE
:107FD00042333D2230222C2261746B2F7375623341
:107FE000222C2230220D0A0041542B414C4953557A
:107FF00042333D2230222C2261746B2F7375623321
:10800000222C2230220D0A0041542B4D515454533E
:108010005542333D2230222C2261746B2F737562DE
:1080200033222C2230220D0A0000000041542B4F35
:108030004E45535542343D2230222C2261746B2F21
:1080400073756234222C2230220D0A0041542B41D8
:108050004C49535542343D2230222C2261746B2FFF
:1080600073756234222C2230220D0A0041542B4DAC
:10807000515454535542343D2230222C2261746BAA
:108080002F73756234222C2230220D0A000000006A
:1080900041542B4D4F44425553434D44313D2252A0
:1080A0005455222C2230222C22636D6431222C2242
:1080B00031222C223033222C2230222C2275696E60
:1080C0007431365F4142222C2231222C22696E7497
:1080D000222C2230220D0A0041542B4D4F44425590
:1080E00053434D44323D22525455222C2230222CEF
:1080F00022636D6432222C2231222C223033222C36
:108100002231222C2275696E7431365F4142222C55
:108110002231222C22696E74222C2230220D0A0078
:1081200041542B4D4F44425553434D44333D22520D
:108130005455222C2230222C22636D6433222C22AF
:1081400031222C223033222C2232222C2275696ECD
:108150007431365F4142222C2231222C22696E7406
:10816000222C2230220D0A0041542B4D4F444255FF
:1081700053434D44343D22525455222C2230222C5C
:1081800022636D6434222C2231222C223033222CA3
:108190002233222C2275696E7431365F4142222CC3
:1081A0002231222C22696E74222C2230220D0A00E8
:1081B00041542B4D4F44425553434D44353D22527B
:1081C0005455222C2230222C22636D6435222C221D
:1081D00031222C223033222C2234222C2275696E3B
:1081E0007431365F4142222C2231222C22696E7476
:1081F000222C2230220D0A0041542B4D4F4442556F
:1082000053434D44363D22525455222C2230222CC9
:1082100022636D6436222C2231222C223033222C10
:108220002235222C2275696E7431365F4142222C30
:108230002231222C22696E74222C2230220D0A0057
:1082400041542B4D4F44425553434D44373D2252E8
:108250005455222C2230222C22636D6437222C228A
:1082600031222C223033222C2236222C2275696EA8
:108270007431365F4142222C2231222C22696E74E5
:10828000222C2230220D0A0041542B4D4F444255DE
:1082900053434D44383D22525455222C2230222C37
:1082A00022636D6438222C2231222C223033222C7E
:1082B0002237222C2275696E7431365F4142222C9E
:1082C0002231222C22696E74222C2230220D0A00C7
:1082D00041542B4D4F44425553434D44393D225256
:1082E0005455222C2230222C22636D6439222C22F8
:1082F00031222C223033222C2238222C2275696E16
:108300007431365F4142222C2231222C22696E7454
:10831000222C2230220D0A0041542B4D4F4442554D
:1083200053434D4431303D22525455222C223022A9
:108330002C22636D643130222C2231222C223033E6
:10834000222C2239222C2275696E7431365F41420B
:10835000222C2231222C22696E74222C2230220DF2
:108360000A00000041542B5441534B54494D453DA4
:10837000223130222C2231303030220D0A00000010
:1083800041542B5441534B54494D453D2235222CE9
:108390002231303030220D0A0000000041542B52AF
:1083A0005354494D3D2231323030220D0A00000035
:1083B00041542B4F4E45434F4E3D2231222C223308
:1083C0003030220D0A00000041542B414C49434FEC
:1083D0004E3D2231222C22333030220D0A00000083
:1083E00041542B4D515454434F4E3D2231222C22A7
:1083F000333030220D0A000041542B48545450545D
:108400004D3D223130220D0A0000000041542B5412
:1084100052414E53504F4C4C4E554D3D223130221F
:108420000D0A000041542B4D4F44425553504F4CC0
:108430004C4E554D3D223130220D0A0041542B54F3
:1084400041534B434F4D424E554D3D223230220D4C
:108450000A00000041542B4C494E4B5253544D3DA1
:1084600022313230220D0A0041542B485254544DCF
:108470003D22313230220D0A0000000041542B55BC
:108480004152544C543D2231303234222C2235306A
:10849000220D0A0041542B4F4E4550493D223132A6
:1084A0003334353637383930220D0A0041542B4FDA
:1084B0004E454B45593D2231323334353637383904
:1084C0003031323334353637383930220D0A000036
:1084D00041542B5356524C494E4B3D2231220D0AEA
:1084E0000000000041542B5441534B4445563D225B
:1084F0004434582D31220D0A0000000041542B4F06
:108500004E4549503D226D7174742E6865636C6FE1
:108510007564732E636F6D222C2231383833220D2F
:108520000A00000041542B4D51545449503D2262E1
:10853000726F6B65722E656D71782E696F222C22B9
:1085400031383833220D0A0041542B4852544454D8
:108550003D223431344334393435344535343435BF
:108560003442324434383532353434343534220DE3
:108570000A00000041542B52454744543D223431F7
:108580003443343934353445353434353442324467
:1085900035323435343734343534220D0A00000096
:1085A00041542B4C494E4B31544D3D2235220D0A3E
:1085B0000000000041542B4F4E4544493D223132CA
:1085C000333435220D0A000041542B4C494E4B31B7
:1085D0003D22544350222C22382E3133352E313057
:1085E0002E313833222C223334313935220D0A0012
:1085F00041542B5452414E53434D4431303D22306F
:108600003130333030303930303031353430382259
:108610000D0A000041542B5356524E554D3D223108
:1086200039363738363532343030383736303933FA
:10863000343438220D0A000041542B5356524B4516
:10864000593D223132333435363738220D0A000095
:1086500041542B5452414E53434D44393D22303105
:108660003033303030383030303130354338220D0F
:108670000A00000041542B4854545055524C3D229E
:1086800068747470733A2F2F636C6F75642E616C0D
:1086900069656E74656B2E636F6D2F746573746698
:1086A0006F726474753F646174613D220D0A00004D
:1086B00041542B4F4E45444953543D2230222C22E5
:1086C0003C25643E220D0A0041542B414C4944494B
:1086D00053543D2230222C223C25643E220D0A00B8
:1086E00041542B5441534B444953543D2230222C86
:1086F000223C25643E220D0A0000000041542B4D0F
:10870000515454444953543D2230222C223C256478
:108710003E220D0A0000000041542B5452414E539A
:10872000434D44343D2230313033303030333030FB
:10873000303137343041220D0A00000041542B54AF
:1087400052414E53434D44313D223031303330306D
:1087500030303030303138343041220D0A000000E2
:1087600041542B5452414E53434D44333D223031FA
:108770003033303030323030303132354341220DF9
:108780000A00000041542B5452414E53434D443291
:108790003D223031303330303031303030314435BB
:1087A0004341220D0A00000041542B5452414E53C4
:1087B000434D44373D223031303330303036303065
:1087C000303136343042220D0A00000041542B541F
:1087D00052414E53434D44363D22303130333030D8
:1087E00030353030303139343042220D0A0000004B
:1087F00041542B5452414E53434D44383D22303165
:108800003033303030373030303133354342220D61
:108810000A00000041542B5452414E53434D4435FD
:108820003D22303130333030303430303031433528
:108830004342220D0A00000041542B554152543D41
:1088400022313135323030222C2231222C22382272
:108850002C224E4F4E45220D0A00000041542B544D
:1088600041534B4D443D224F4646220D0A00000025
:1088700041542B4C494E4B32454E3D224F464622E9
:108880000D0A000041542B4C494E4B33454E3D22BE
:108890004F4646220D0A000041542B4C494E4B34A2
:1088A000454E3D224F4646220D0A000041542B52B0
:1088B0004547454E3D224F4646220D0A0000000026
:1088C00041542B5541525441543D224F4646220DAE
:1088D0000A00000041542B485454504844464C541C
:1088E0003D224F4646220D0A0000000041542B4C09
:1088F000494E4B314D443D224C4F4E47220D0A000C
:1089000041542B52454754503D22494D4549220D73
:108910000A00000041542B5441534B4D443D224129
:108920004C49220D0A00000041542B555345523D3D
:1089300022414C49454E54454B220D0A000000008F
:1089400041542B434D444B45593D22414C49454EE2
:1089500054454B220D0A000041542B5245474D44CB
:108960003D224C494E4B220D0A00000041542B4C35
:10897000494E4B31454E3D224F4E220D0A0000001C
:1089800041542B485254454E3D224F4E220D0A0071
:1089900041542B4155544F55503D224F4E220D0A04
:1089A0000000000041542B523D224F4E220D0A0080
:1089B00041542B4E455441543D224F4E220D0A0046
:1089C00041542B4F4E45464C543D224F4E220D0AEA
:1089D0000000000041542B414C49464C543D224F6D
:1089E0004E220D0A0000000041542B4D51545446B4
:1089F0004C543D224F4E220D0A00000041542B538F
:108A0000454E44464153543D224F4E220D0A00002C
:108A100041542B574F524B3D22414C4959554E2200
:108A20000D0A000041542B574F524B3D22595541DE
:108A30004E5A4959554E220D0A00000041542B57F9
:108A40004F524B3D2248545450220D0A0000000062
:108A500041542B5441534B4D443D225553455222D2
:108A60000D0A000041542B5441534B4D443D2254B8
:108A700052414E53220D0A0041542B485454504D3C
:108A8000443D22474554220D0A00000041542B5713
:108A90004F524B3D224E4554220D0A0041542B5457
:108AA00041534B4D443D224F4E454E4554220D0AF5
:108AB0000000000041542B574F524B3D224F4E4572
:108AC0004E4554220D0A000041542B574F524B3D46
:108AD000224D515454220D0A0000000041542B53E2
:108AE000544152543D2241544B2D443458220D0AD6
:108AF0000000000041542B4D51545450573D2270FA
:108B0000617373776F7264220D0A000041542B4128
:108B10004C49444E3D224465766963654E616D65FE
:108B2000220D0A0041542B4854545048443D2243DE
:108B30006F6E6E656374696F6E3A636C6F736522F6
:108B40000D0A000041542B414C4952493D22636EAD
:108B50002D7368616E67686169220D0A000000006C
:108B600041542B4D51545443443D22616C69656E10
:108B700074656B220D0A000041542B4D515454551D
:108B80004E3D2261646D696E220D0A0041542B41F5
:108B90004C4944533D22446576696365536563726D
:108BA0006574220D0A00000041542B414C49504B82
:108BB0003D2250726F647563744B6579220D0A0013
:108BC00041542B5452414E53434D4431300D0A0011
:108BD00041542B4D4F44425553434D4431300D0ABF
:108BE0000000000041542B4F4E45505542310D0AB4
:108BF0000000000041542B414C49505542310D0AB0
:108C00000000000041542B4D515454505542310D39
:108C10000A00000041542B4F4E45535542310D0A76
:108C20000000000041542B414C49535542310D0A7C
:108C30000000000041542B4D515454535542310D06
:108C40000A00000041542B5452414E53434D4431CD
:108C50000D0A000041542B4D4F44425553434D449F
:108C6000310D0A0041542B4C494E4B310D0A000086
:108C700041542B4F4E45505542320D0A0000000022
:108C800041542B414C49505542320D0A000000001E
:108C900041542B4D515454505542320D0A0000009E
:108CA00041542B4F4E45535542320D0A00000000EF
:108CB00041542B414C49535542320D0A00000000EB
:108CC00041542B4D515454535542320D0A0000006B
:108CD00041542B5452414E53434D44320D0A00002F
:108CE00041542B4D4F44425553434D44320D0A00DD
:108CF00041542B4F4E45505542330D0A00000000A1
:108D000041542B414C49505542330D0A000000009C
:108D100041542B4D515454505542330D0A0000001C
:108D200041542B4F4E45535542330D0A000000006D
:108D300041542B414C49535542330D0A0000000069
:108D400041542B4D515454535542330D0A000000E9
:108D500041542B5452414E53434D44330D0A0000AD
:108D600041542B4D4F44425553434D44330D0A005B
:108D700041542B4F4E45505542340D0A000000001F
:108D800041542B414C49505542340D0A000000001B
:108D900041542B4D515454505542340D0A0000009B
:108DA00041542B4F4E45535542340D0A00000000EC
:108DB00041542B414C49535542340D0A00000000E8
:108DC00041542B4D515454535542340D0A00000068
:108DD00041542B5452414E53434D44340D0A00002C
:108DE00041542B4D4F44425553434D44340D0A00DA
:108DF00041542B5452414E53434D44350D0A00000B
:108E000041542B4D4F44425553434D44350D0A00B8
:108E100041542B5452414E53434D44360D0A0000E9
:108E200041542B4D4F44425553434D44360D0A0097
:108E300041542B5452414E53434D44370D0A0000C8
:108E400041542B4D4F44425553434D44370D0A0076
:108E500041542B5452414E53434D44380D0A0000A7
:108E600041542B4D4F44425553434D44380D0A0055
:108E700041542B5452414E53434D44390D0A000086
:108E800041542B4D4F44425553434D44390D0A0034
:108E900041542B4D51545443440D0A0041542B4826
:108EA00054545048440D0A0041542B4C494E4B3108
:108EB0004D440D0A0000000041542B5245474D44DB
:108EC0000D0A000041542B5441534B4D440D0A00F0
:108ED00041542B485454504D440D0A0041542B54D6
:108EE00041534B54494D450D0A00000041542B4F4E
:108EF0004E4544490D0A000041542B4F4E45504900
:108F00000D0A000041542B414C4952490D0A000002
:108F100041542B5356524C494E4B0D0A0000000051
:108F200041542B414C49504B0D0A000041542B57E2
:108F30004F524B0D0A00000041542B4F4E455749EC
:108F40004C4C0D0A0000000041542B414C4957493C
:108F50004C4C0D0A0000000041542B4D5154545705
:108F6000494C4C0D0A00000041542B4854545055B4
:108F7000524C0D0A0000000041542B525354494DED
:108F80000D0A000041542B4C494E4B31544D0D0AF3
:108F90000000000041542B48545450544D0D0A0019
:108FA00041542B4C494E4B5253544D0D0A00000076
:108FB00041542B485254544D0D0A000041542B5437
:108FC00041534B434F4D424E554D0D0A000000009A
:108FD00041542B5452414E53504F4C4C4E554D0D15
:108FE0000A00000041542B4D4F44425553504F4C02
:108FF0004C4E554D0D0A000041542B5356524E55C0
:109000004D0D0A0041542B414C49444E0D0A0000BD
:1090100041542B4C494E4B31454E0D0A0000000087
:1090200041542B4C494E4B32454E0D0A0000000076
:1090300041542B4C494E4B33454E0D0A0000000065
:1090400041542B4C494E4B34454E0D0A0000000054
:1090500041542B524547454E0D0A000041542B48C0
:109060005254454E0D0A000041542B4F4E45434F7C
:109070004E0D0A0041542B414C49434F4E0D0A00FE
:1090800041542B4D515454434F4E0D0A00000000E3
:1090900041542B41504E0D0A0000000041542B4D0D
:1090A000515454554E0D0A0041542B4F4E454950D2
:1090B0000D0A000041542B4D51545449500D0A00E3
:1090C00041542B52454754500D0A000041542B4146
:1090D00055544F55500D0A0041542B520D0A0000B3
:1090E00041542B555345520D0A00000041542B4169
:1090F0004C4944530D0A000041542B4E45544154F1
:109100000D0A000041542B5541525441540D0A00A0
:1091100041542B52454744540D0A000041542B48FA
:10912000525444540D0A000041542B4854545048A2
:1091300044464C540D0A000041542B4F4E45464CBA
:10914000540D0A0041542B414C49464C540D0A0021
:1091500041542B4D515454464C540D0A000000000C
:1091600041542B554152544C540D0A0041542B5339
:10917000544152540D0A000041542B554152540D94
:109180000A00000041542B53454E44464153540DB0
:109190000A00000041542B4F4E45444953540D0AD8
:1091A0000000000041542B414C49444953540D0ADE
:1091B0000000000041542B5441534B444953540D7B
:1091C0000A00000041542B4D515454444953540D4E
:1091D0000A00000041542B5441534B4445560D0A9C
:1091E0000000000041542B4D51545450570D0A00BB
:1091F00041542B434D444B45590D0A0041542B4FCC
:109200004E454B45590D0A0041542B5356524B4580
:10921000590D0A005B53797374656D5D203447E620
:10922000A8A1E59D97E5889DE5A78BE58C96E68846
:1092300090E58A9FEFBC8CE5BC80E5A78BE4B88AFB
:10924000E4BCA0E4BCA0E6849FE599A8E695B0E65E
:109250008DAE2E2E2E0D0A00789200080000002000
:1092600078000000604D0008F092000878000020AF
:10927000A82F0000704D000800A24A040000000062
:1092800000000000010203040607080900000000B6
:109290000102030401020304060708090204060888
:1092A00000000000000000000000000000000000BE
:1092B00000000000000000000000000000000000AE
:1092C000000000000000000000000000000000009E
:1092D000000000000000000000000000000001018C
:1092E000000000000000000000000000000000007E
:04000005080000ED02
:00000001FF
